vehicle_id,vehicle_type,fuel_type,age_years,month,km,fuel_used,idle_pct,driver_score,maintenance_cost,fuel_cost,co2_kg,use_per_100km,total_cost,idle_waste_cost,idle_co2_kg
V001,Diesel Truck,Diesel,1,1,1832.0,612.7,19.4,59,4786.0,56368.4,1642.0360000000003,33.44432314410481,61154.4,5467.7348,159.27749200000002
V001,Diesel Truck,Diesel,1,2,2188.0,650.5,19.4,59,5493.0,59846.0,1743.3400000000001,29.730347349177332,65339.0,5805.062,169.10398
V001,Diesel Truck,Diesel,1,3,5385.0,1888.2,19.4,59,6660.0,173714.4,5060.376,35.06406685236769,180374.4,16850.2968,490.856472
V001,Diesel Truck,Diesel,1,4,3366.0,1194.2,19.4,59,6309.0,109866.40000000001,3200.456,35.47831253713607,116175.40000000001,10657.0408,310.444232
V001,Diesel Truck,Diesel,1,5,2755.0,964.2,19.4,59,5239.0,88706.40000000001,2584.0560000000005,34.99818511796733,93945.40000000001,8604.5208,250.65343200000004
V001,Diesel Truck,Diesel,1,6,5151.0,1671.5,19.4,59,7900.0,153778.0,4479.62,32.45000970685304,161678.0,14916.465999999999,434.52314
V001,Diesel Truck,Diesel,1,7,2894.0,1015.4,19.4,59,6000.0,93416.8,2721.272,35.08638562543192,99416.8,9061.4296,263.96338399999996
V001,Diesel Truck,Diesel,1,8,5495.0,1824.7,19.4,59,6850.0,167872.4,4890.196000000001,33.206551410373066,174722.4,16283.622799999997,474.3490120000001
V001,Diesel Truck,Diesel,1,9,2887.0,1026.0,19.4,59,5334.0,94392.0,2749.6800000000003,35.538621406304124,99726.0,9156.024,266.71896
V001,Diesel Truck,Diesel,1,10,5252.0,1941.9,19.4,59,6492.0,178654.80000000002,5204.292,36.97448591012948,185146.80000000002,17329.5156,504.816324
V001,Diesel Truck,Diesel,1,11,3796.0,1331.8,19.4,59,6408.0,122525.59999999999,3569.224,35.08429926238145,128933.59999999999,11884.983199999999,346.214728
V001,Diesel Truck,Diesel,1,12,3223.0,1146.3,19.4,59,5937.0,105459.59999999999,3072.0840000000003,35.56624263108905,111396.59999999999,10229.581199999999,297.99214800000004
V002,Petrol Van,Petrol,8,1,3196.0,360.1,11.6,57,11922.0,36010.0,831.831,11.26720901126408,47932.0,2088.58,48.24619800000001
V002,Petrol Van,Petrol,8,2,2967.0,341.0,11.6,57,11908.0,34100.0,787.71,11.49309066397034,46008.0,1977.8,45.68718
V002,Petrol Van,Petrol,8,3,3566.0,439.0,11.6,57,11966.0,43900.0,1014.09,12.310712282669659,55866.0,2546.2,58.81722
V002,Petrol Van,Petrol,8,4,4952.0,568.7,11.6,57,12828.0,56870.00000000001,1313.6970000000001,11.484248788368337,69698.0,3298.4600000000005,76.194426
V002,Petrol Van,Petrol,8,5,4644.0,519.5,11.6,57,13754.0,51950.0,1200.045,11.186477174849268,65704.0,3013.1,69.60261
V002,Petrol Van,Petrol,8,6,4304.0,513.5,11.6,57,13470.0,51350.0,1186.185,11.930762081784387,64820.0,2978.3,68.79872999999999
V002,Petrol Van,Petrol,8,7,4704.0,521.2,11.6,57,12682.0,52120.00000000001,1203.9720000000002,11.079931972789117,64802.00000000001,3022.9600000000005,69.830376
V002,Petrol Van,Petrol,8,8,3505.0,433.8,11.6,57,12569.0,43380.0,1002.0780000000001,12.376604850213981,55949.0,2516.04,58.120524
V002,Petrol Van,Petrol,8,9,1862.0,196.0,11.6,57,11501.0,19600.0,452.76,10.526315789473683,31101.0,1136.8,26.26008
V002,Petrol Van,Petrol,8,10,2463.0,279.6,11.6,57,11629.0,27960.000000000004,645.8760000000001,11.352009744214374,39589.0,1621.6800000000003,37.460808
V002,Petrol Van,Petrol,8,11,4066.0,455.4,11.6,57,12322.0,45540.0,1051.974,11.200196753566157,57862.0,2641.32,61.01449199999999
V002,Petrol Van,Petrol,8,12,2103.0,239.0,11.6,57,11495.0,23900.0,552.09,11.364717070851164,35395.0,1386.2,32.02122
V003,CNG Bus,CNG,6,1,3756.0,670.1,9.2,49,10563.0,52267.8,1842.775,17.840788072417464,62830.8,2404.3188,84.76764999999999
V003,CNG Bus,CNG,6,2,4434.0,795.7,9.2,49,11693.0,62064.600000000006,2188.175,17.945421741091565,73757.6,2854.9716000000003,100.65605
V003,CNG Bus,CNG,6,3,3272.0,582.3,9.2,49,10163.0,45419.399999999994,1601.3249999999998,17.79645476772616,55582.399999999994,2089.2924,73.66094999999999
V003,CNG Bus,CNG,6,4,2696.0,436.7,9.2,49,9964.0,34062.6,1200.925,16.198071216617212,44026.6,1566.8796,55.242549999999994
V003,CNG Bus,CNG,6,5,3583.0,605.7,9.2,49,10345.0,47244.600000000006,1665.6750000000002,16.904828356126153,57589.600000000006,2173.2516,76.62105000000001
V003,CNG Bus,CNG,6,6,5260.0,941.1,9.2,49,11833.0,73405.8,2588.025,17.891634980988595,85238.8,3376.6668,119.04915
V003,CNG Bus,CNG,6,7,3386.0,625.3,9.2,49,10953.0,48773.399999999994,1719.5749999999998,18.467217956290607,59726.399999999994,2243.5763999999995,79.10044999999998
V003,CNG Bus,CNG,6,8,2287.0,385.8,9.2,49,9798.0,30092.4,1060.95,16.869261040664625,39890.4,1384.2504000000001,48.8037
V003,CNG Bus,CNG,6,9,2085.0,360.8,9.2,49,9504.0,28142.4,992.2,17.304556354916066,37646.4,1294.5503999999999,45.6412
V003,CNG Bus,CNG,6,10,1993.0,334.9,9.2,49,9781.0,26122.199999999997,920.9749999999999,16.803813346713493,35903.2,1201.6211999999998,42.36485
V003,CNG Bus,CNG,6,11,4535.0,839.9,9.2,49,10992.0,65512.2,2309.725,18.52039691289967,76504.2,3013.561199999999,106.24734999999998
V003,CNG Bus,CNG,6,12,2349.0,361.0,9.2,49,9969.0,28158.0,992.75,15.368241805023414,38127.0,1295.2679999999998,45.6665
V004,Hybrid Car,Hybrid,12,1,1591.0,115.6,20.2,84,15004.0,11560.0,267.036,7.265870521684476,26564.0,1167.56,26.970636
V004,Hybrid Car,Hybrid,12,2,5498.0,359.9,20.2,84,17993.0,35990.0,831.3689999999999,6.546016733357584,53983.0,3634.99,83.96826899999998
V004,Hybrid Car,Hybrid,12,3,5204.0,416.3,20.2,84,16997.0,41630.0,961.653,7.999615680245966,58627.0,4204.63,97.126953
V004,Hybrid Car,Hybrid,12,4,2869.0,206.3,20.2,84,15813.0,20630.0,476.55300000000005,7.1906587661206,36443.0,2083.63,48.131853
V004,Hybrid Car,Hybrid,12,5,3263.0,237.0,20.2,84,15725.0,23700.0,547.47,7.26325467361324,39425.0,2393.7,55.294470000000004
V004,Hybrid Car,Hybrid,12,6,5041.0,344.2,20.2,84,16674.0,34420.0,795.102,6.828010315413609,51094.0,3476.42,80.305302
V004,Hybrid Car,Hybrid,12,7,3509.0,259.4,20.2,84,16111.0,25939.999999999996,599.2139999999999,7.392419492732971,42051.0,2619.9399999999996,60.520613999999995
V004,Hybrid Car,Hybrid,12,8,4254.0,305.1,20.2,84,16045.0,30510.000000000004,704.7810000000001,7.172073342736248,46555.0,3081.51,71.18288100000001
V004,Hybrid Car,Hybrid,12,9,5403.0,403.9,20.2,84,17239.0,40390.0,933.009,7.475476587081251,57629.0,4079.39,94.233909
V004,Hybrid Car,Hybrid,12,10,1638.0,112.4,20.2,84,14713.0,11240.0,259.644,6.8620268620268625,25953.0,1135.24,26.224044
V004,Hybrid Car,Hybrid,12,11,4442.0,313.3,20.2,84,16670.0,31330.0,723.7230000000001,7.05312922107159,48000.0,3164.33,73.096023
V004,Hybrid Car,Hybrid,12,12,3301.0,236.3,20.2,84,15788.0,23630.0,545.8530000000001,7.158436837322024,39418.0,2386.63,55.131153000000005
V005,Diesel Truck,Diesel,8,1,4123.0,1481.3,10.0,81,12987.0,136279.6,3969.884,35.92772253213679,149266.6,6813.98,198.49419999999998
V005,Diesel Truck,Diesel,8,2,5452.0,1882.7,10.0,81,13399.0,173208.4,5045.636,34.53228173147469,186607.4,8660.42,252.2818
V005,Diesel Truck,Diesel,8,3,1879.0,652.7,10.0,81,11378.0,60048.4,1749.2360000000003,34.7365620010644,71426.4,3002.42,87.46180000000003
V005,Diesel Truck,Diesel,8,4,4539.0,1620.8,10.0,81,13670.0,149113.6,4343.744,35.708305794227805,162783.6,7455.68,217.18719999999996
V005,Diesel Truck,Diesel,8,5,3190.0,1163.0,10.0,81,12413.0,106996.0,3116.84,36.457680250783696,119409.0,5349.8,155.842
V005,Diesel Truck,Diesel,8,6,4723.0,1426.3,10.0,81,13468.0,131219.6,3822.484,30.19902604276943,144687.6,6560.98,191.12419999999997
V005,Diesel Truck,Diesel,8,7,3400.0,1083.9,10.0,81,12401.0,99718.8,2904.8520000000003,31.879411764705885,112119.8,4985.94,145.2426
V005,Diesel Truck,Diesel,8,8,3949.0,1398.8,10.0,81,13234.0,128689.59999999999,3748.784,35.42162572803241,141923.59999999998,6434.48,187.43920000000003
V005,Diesel Truck,Diesel,8,9,3271.0,1094.5,10.0,81,12365.0,100694.0,2933.26,33.460715377560376,113059.0,5034.7,146.663
V005,Diesel Truck,Diesel,8,10,4224.0,1440.7,10.0,81,13081.0,132544.4,3861.0760000000005,34.10748106060606,145625.4,6627.22,193.05380000000002
V005,Diesel Truck,Diesel,8,11,5271.0,1680.8,10.0,81,12909.0,154633.6,4504.544,31.887687345854676,167542.6,7731.68,225.2272
V005,Diesel Truck,Diesel,8,12,1962.0,642.7,10.0,81,11318.0,59128.4,1722.4360000000001,32.75739041794088,70446.4,2956.42,86.12180000000001
V006,Diesel Truck,Diesel,7,1,2752.0,939.8,17.3,99,11119.0,86461.59999999999,2518.664,34.14970930232558,97580.59999999999,7478.9284,217.864436
V006,Diesel Truck,Diesel,7,2,4401.0,1586.2,17.3,99,12187.0,145930.4,4251.0160000000005,36.04180867984549,158117.4,12622.979599999999,367.71288400000003
V006,Diesel Truck,Diesel,7,3,4675.0,1633.1,17.3,99,12038.0,150245.19999999998,4376.708,34.93262032085561,162283.19999999998,12996.2098,378.585242
V006,Diesel Truck,Diesel,7,4,5295.0,1759.4,17.3,99,13139.0,161864.80000000002,4715.192000000001,33.227573182247404,175003.80000000002,14001.305200000003,407.8641080000001
V006,Diesel Truck,Diesel,7,5,3674.0,1175.7,17.3,99,11915.0,108164.40000000001,3150.876,32.00054436581382,120079.40000000001,9356.2206,272.55077400000005
V006,Diesel Truck,Diesel,7,6,1659.0,567.8,17.3,99,10305.0,52237.6,1521.704,34.225437010247134,62542.6,4518.5524,131.627396
V006,Diesel Truck,Diesel,7,7,3395.0,1142.1,17.3,99,11316.0,105073.2,3060.828,33.640648011782034,116389.2,9088.8318,264.76162200000005
V006,Diesel Truck,Diesel,7,8,4391.0,1379.3,17.3,99,12589.0,126895.59999999999,3696.524,31.411979048052835,139484.59999999998,10976.4694,319.749326
V006,Diesel Truck,Diesel,7,9,3326.0,1094.0,17.3,99,11389.0,100648.0,2931.92,32.89236319903788,112037.0,8706.052000000001,253.61108000000002
V006,Diesel Truck,Diesel,7,10,4034.0,1228.3,17.3,99,11929.0,113003.59999999999,3291.844,30.448686167575605,124932.59999999999,9774.8114,284.744506
V006,Diesel Truck,Diesel,7,11,4137.0,1343.5,17.3,99,11360.0,123602.0,3600.5800000000004,32.47522359197486,134962.0,10691.573,311.45017
V006,Diesel Truck,Diesel,7,12,3531.0,1286.8,17.3,99,11172.0,118385.59999999999,3448.6240000000003,36.44293401302747,129557.59999999999,10240.3544,298.30597600000004
V007,Hybrid Car,Hybrid,7,1,5295.0,358.5,9.2,57,13331.0,35850.0,828.135,6.770538243626062,49181.0,1649.1,38.09421
V007,Hybrid Car,Hybrid,7,2,5420.0,403.0,9.2,57,12866.0,40300.0,930.9300000000001,7.435424354243543,53166.0,1853.8,42.82278
V007,Hybrid Car,Hybrid,7,3,3252.0,220.0,9.2,57,11717.0,22000.0,508.2,6.765067650676507,33717.0,1011.9999999999999,23.3772
V007,Hybrid Car,Hybrid,7,4,3463.0,247.5,9.2,57,11630.0,24750.0,571.725,7.146982385215131,36380.0,1138.4999999999998,26.29935
V007,Hybrid Car,Hybrid,7,5,2412.0,182.6,9.2,57,10815.0,18260.0,421.806,7.570480928689884,29075.0,839.96,19.403076
V007,Hybrid Car,Hybrid,7,6,2762.0,182.3,9.2,57,11042.0,18230.0,421.11300000000006,6.60028964518465,29272.0,838.58,19.371198000000003
V007,Hybrid Car,Hybrid,7,7,4561.0,315.2,9.2,57,12834.0,31520.0,728.112,6.910765183073887,44354.0,1449.92,33.493151999999995
V007,Hybrid Car,Hybrid,7,8,2536.0,183.4,9.2,57,10649.0,18340.0,423.654,7.231861198738171,28989.0,843.64,19.488084
V007,Hybrid Car,Hybrid,7,9,2020.0,142.3,9.2,57,10379.0,14230.000000000002,328.713,7.044554455445545,24609.0,654.58,15.120798
V007,Hybrid Car,Hybrid,7,10,4518.0,313.1,9.2,57,12170.0,31310.000000000004,723.2610000000001,6.930057547587428,43480.0,1440.26,33.270006
V007,Hybrid Car,Hybrid,7,11,4091.0,283.5,9.2,57,12461.0,28350.0,654.885,6.9298460034221465,40811.0,1304.1,30.124709999999997
V007,Hybrid Car,Hybrid,7,12,2025.0,137.0,9.2,57,10378.0,13700.0,316.47,6.765432098765432,24078.0,630.1999999999999,14.55762
V008,Diesel Truck,Diesel,6,1,1979.0,678.8,18.0,59,9393.0,62449.6,1819.184,34.30015159171298,71842.6,5620.464,163.72655999999998
V008,Diesel Truck,Diesel,6,2,4680.0,1631.9,18.0,59,11436.0,150134.80000000002,4373.492,34.86965811965812,161570.80000000002,13512.132000000001,393.61428
V008,Diesel Truck,Diesel,6,3,3155.0,1202.7,18.0,59,10433.0,110648.40000000001,3223.2360000000003,38.12044374009509,121081.40000000001,9958.356000000002,290.09124
V008,Diesel Truck,Diesel,6,4,4185.0,1650.0,18.0,59,11252.0,151800.0,4422.0,39.42652329749104,163052.0,13662.0,397.98
V008,Diesel Truck,Diesel,6,5,2746.0,1014.6,18.0,59,9857.0,93343.2,2719.128,36.9482884195193,103200.2,8400.887999999999,244.72152000000003
V008,Diesel Truck,Diesel,6,6,4308.0,1595.9,18.0,59,10830.0,146822.80000000002,4277.012000000001,37.04503249767874,157652.80000000002,13214.052000000001,384.93108000000007
V008,Diesel Truck,Diesel,6,7,3242.0,1204.5,18.0,59,10672.0,110814.0,3228.0600000000004,37.152991980259095,121486.0,9973.26,290.52540000000005
V008,Diesel Truck,Diesel,6,8,3824.0,1376.2,18.0,59,10340.0,126610.40000000001,3688.2160000000003,35.98849372384937,136950.40000000002,11394.936000000002,331.93944000000005
V008,Diesel Truck,Diesel,6,9,2537.0,937.4,18.0,59,10221.0,86240.8,2512.232,36.94915254237288,96461.8,7761.6720000000005,226.10088
V008,Diesel Truck,Diesel,6,10,5283.0,1752.8,18.0,59,11573.0,161257.6,4697.504,33.17811849328034,172830.6,14513.184000000001,422.77536
V008,Diesel Truck,Diesel,6,11,2445.0,911.8,18.0,59,9849.0,83885.59999999999,2443.6240000000003,37.29243353783231,93734.59999999999,7549.703999999999,219.92616
V008,Diesel Truck,Diesel,6,12,3752.0,1318.8,18.0,59,10204.0,121329.59999999999,3534.384,35.149253731343286,131533.59999999998,10919.663999999999,318.09456
V009,Electric Van,Electric,3,1,3721.0,956.2,25.0,95,8161.0,8605.800000000001,678.902,25.69739317387799,16766.800000000003,1075.7250000000001,84.86275000000002
V009,Electric Van,Electric,3,2,3452.0,796.8,25.0,95,7986.0,7171.2,565.728,23.082271147161066,15157.2,896.4,70.716
V009,Electric Van,Electric,3,3,3366.0,805.3,25.0,95,7977.0,7247.7,571.7629999999999,23.924539512774807,15224.7,905.9625,71.47037499999999
V009,Electric Van,Electric,3,4,3690.0,887.2,25.0,95,7505.0,7984.8,629.912,24.043360433604338,15489.8,998.1,78.739
V009,Electric Van,Electric,3,5,3761.0,852.6,25.0,95,8217.0,7673.400000000001,605.346,22.66950279181069,15890.400000000001,959.175,75.66825
V009,Electric Van,Electric,3,6,3651.0,794.7,25.0,95,8399.0,7152.3,564.237,21.76663927691044,15551.3,894.0375,70.529625
V009,Electric Van,Electric,3,7,3891.0,894.1,25.0,95,8080.0,8046.900000000001,634.811,22.978668722693396,16126.900000000001,1005.8625,79.351375
V009,Electric Van,Electric,3,8,5247.0,1190.7,25.0,95,8504.0,10716.300000000001,845.3969999999999,22.69296740994854,19220.300000000003,1339.5375,105.67462499999999
V009,Electric Van,Electric,3,9,3818.0,887.8,25.0,95,8628.0,7990.2,630.338,23.25301204819277,16618.2,998.775,78.79225
V009,Electric Van,Electric,3,10,5442.0,1331.9,25.0,95,8547.0,11987.1,945.649,24.474457919882397,20534.1,1498.3875,118.20612499999999
V009,Electric Van,Electric,3,11,2490.0,635.9,25.0,95,7249.0,5723.099999999999,451.489,25.538152610441767,12972.099999999999,715.3875,56.43612499999999
V009,Electric Van,Electric,3,12,2151.0,508.6,25.0,95,6975.0,4577.400000000001,361.106,23.64481636448164,11552.400000000001,572.1750000000001,45.13825
V010,Diesel Truck,Diesel,9,1,1552.0,591.4,25.6,40,12302.0,54408.799999999996,1584.952,38.105670103092784,66710.79999999999,6964.3264,202.87385600000002
V010,Diesel Truck,Diesel,9,2,5288.0,2344.0,25.6,40,14143.0,215648.0,6281.92,44.3267776096823,229791.0,27602.944000000003,804.08576
V010,Diesel Truck,Diesel,9,3,2020.0,890.4,25.6,40,12557.0,81916.8,2386.272,44.07920792079208,94473.8,10485.350400000001,305.442816
V010,Diesel Truck,Diesel,9,4,5363.0,2222.6,25.6,40,15211.0,204479.19999999998,5956.568,41.4432220771956,219690.19999999998,26173.3376,762.4407040000001
V010,Diesel Truck,Diesel,9,5,4797.0,1859.3,25.6,40,13749.0,171055.6,4982.924,38.759641442568274,184804.6,21895.116800000003,637.8142720000001
V010,Diesel Truck,Diesel,9,6,4894.0,1814.1,25.6,40,14325.0,166897.19999999998,4861.7880000000005,37.06783816918676,181222.19999999998,21362.841599999996,622.3088640000001
V010,Diesel Truck,Diesel,9,7,3094.0,1258.1,25.6,40,12693.0,115745.2,3371.708,40.662572721396245,128438.2,14815.385600000001,431.57862400000005
V010,Diesel Truck,Diesel,9,8,4626.0,1810.1,25.6,40,13625.0,166529.19999999998,4851.068,39.12883700821444,180154.19999999998,21315.737599999997,620.9367040000001
V010,Diesel Truck,Diesel,9,9,5478.0,2388.6,25.6,40,13829.0,219751.19999999998,6401.448,43.60350492880613,233580.19999999998,28128.153599999998,819.385344
V010,Diesel Truck,Diesel,9,10,2379.0,998.6,25.6,40,12636.0,91871.2,2676.248,41.97562000840689,104507.2,11759.5136,342.55974399999997
V010,Diesel Truck,Diesel,9,11,3968.0,1622.0,25.6,40,13601.0,149224.0,4346.96,40.877016129032256,162825.0,19100.672000000002,556.41088
V010,Diesel Truck,Diesel,9,12,3288.0,1250.9,25.6,40,13244.0,115082.8,3352.4120000000003,38.04440389294404,128326.8,14730.5984,429.1087360000001
V011,Diesel Truck,Diesel,3,1,5421.0,1789.7,10.6,71,9722.0,164652.4,4796.396000000001,33.01420402139827,174374.4,8726.5772,254.20898800000003
V011,Diesel Truck,Diesel,3,2,5419.0,1824.7,10.6,71,8618.0,167872.4,4890.196000000001,33.67226425539768,176490.4,8897.2372,259.180388
V011,Diesel Truck,Diesel,3,3,4880.0,1659.3,10.6,71,8729.0,152655.6,4446.924,34.00204918032787,161384.6,8090.746800000001,235.686972
V011,Diesel Truck,Diesel,3,4,3324.0,1072.6,10.6,71,8119.0,98679.2,2874.5679999999998,32.26835138387485,106798.2,5229.9976,152.35210399999997
V011,Diesel Truck,Diesel,3,5,2984.0,1000.2,10.6,71,7486.0,92018.40000000001,2680.536,33.51876675603218,99504.40000000001,4876.9752,142.068408
V011,Diesel Truck,Diesel,3,6,1639.0,511.7,10.6,71,6956.0,47076.4,1371.356,31.2202562538133,54032.4,2495.0492,72.681868
V011,Diesel Truck,Diesel,3,7,4673.0,1517.8,10.6,71,8981.0,139637.6,4067.704,32.48020543548042,148618.6,7400.7928,215.588312
V011,Diesel Truck,Diesel,3,8,2149.0,749.5,10.6,71,6900.0,68954.0,2008.66,34.87668683108423,75854.0,3654.562,106.45898
V011,Diesel Truck,Diesel,3,9,5146.0,1698.3,10.6,71,8502.0,156243.6,4551.444,33.00233190827828,164745.6,8280.9108,241.22653200000002
V011,Diesel Truck,Diesel,3,10,3657.0,1226.1,10.6,71,8103.0,112801.2,3285.948,33.52748154224774,120904.2,5978.4636,174.15524399999998
V011,Diesel Truck,Diesel,3,11,2261.0,799.4,10.6,71,7199.0,73544.8,2142.3920000000003,35.356037151702786,80743.8,3897.8744,113.54677600000001
V011,Diesel Truck,Diesel,3,12,4909.0,1476.6,10.6,71,8105.0,135847.19999999998,3957.288,30.079445915665104,143952.19999999998,7199.901599999999,209.736264
V012,Diesel Truck,Diesel,11,1,2772.0,1048.2,16.3,85,14854.0,96434.40000000001,2809.1760000000004,37.81385281385282,111288.40000000001,7859.4036000000015,228.94784400000003
V012,Diesel Truck,Diesel,11,2,3709.0,1224.9,16.3,85,14992.0,112690.8,3282.7320000000004,33.02507414397412,127682.8,9184.3002,267.5426580000001
V012,Diesel Truck,Diesel,11,3,4380.0,1632.8,16.3,85,16252.0,150217.6,4375.904,37.27853881278539,166469.6,12242.734400000001,356.63617600000003
V012,Diesel Truck,Diesel,11,4,1680.0,566.4,16.3,85,13825.0,52108.799999999996,1517.952,33.714285714285715,65933.79999999999,4246.8672,123.71308800000001
V012,Diesel Truck,Diesel,11,5,1650.0,546.0,16.3,85,14058.0,50232.0,1463.2800000000002,33.09090909090909,64290.0,4093.9080000000004,119.25732000000002
V012,Diesel Truck,Diesel,11,6,2582.0,890.6,16.3,85,14589.0,81935.2,2386.808,34.49264136328428,96524.2,6677.7188,194.52485199999998
V012,Diesel Truck,Diesel,11,7,2446.0,947.6,16.3,85,14778.0,87179.2,2539.568,38.74080130825838,101957.2,7105.1048,206.974792
V012,Diesel Truck,Diesel,11,8,5433.0,1824.6,16.3,85,16312.0,167863.19999999998,4889.928,33.58365543898398,184175.19999999998,13680.850799999998,398.529132
V012,Diesel Truck,Diesel,11,9,3043.0,1028.3,16.3,85,14517.0,94603.59999999999,2755.844,33.792310220177455,109120.59999999999,7710.1934,224.601286
V012,Diesel Truck,Diesel,11,10,2589.0,963.9,16.3,85,14831.0,88678.8,2583.252,37.230590961761294,103509.8,7227.3222000000005,210.53503800000001
V012,Diesel Truck,Diesel,11,11,5155.0,1830.8,16.3,85,15853.0,168433.6,4906.544,35.515033947623664,184286.6,13727.3384,399.883336
V012,Diesel Truck,Diesel,11,12,2537.0,924.3,16.3,85,14616.0,85035.59999999999,2477.1240000000003,36.4327946393378,99651.59999999999,6930.4014,201.88560600000005
V013,CNG Bus,CNG,12,1,2768.0,538.0,23.2,46,15334.0,41964.0,1479.5,19.436416184971097,57298.0,4867.824,171.622
V013,CNG Bus,CNG,12,2,2782.0,525.6,23.2,46,15161.0,40996.8,1445.4,18.892882818116462,56157.8,4755.6288,167.66639999999998
V013,CNG Bus,CNG,12,3,4038.0,800.7,23.2,46,16747.0,62454.600000000006,2201.925,19.829123328380387,79201.6,7244.733600000001,255.4233
V013,CNG Bus,CNG,12,4,1532.0,292.3,23.2,46,14954.0,22799.4,803.825,19.079634464751962,37753.4,2644.7304000000004,93.2437
V013,CNG Bus,CNG,12,5,4758.0,1039.0,23.2,46,17314.0,81042.0,2857.25,21.836906263135774,98356.0,9400.872,331.441
V013,CNG Bus,CNG,12,6,3971.0,817.3,23.2,46,16655.0,63749.399999999994,2247.575,20.581717451523545,80404.4,7394.930399999999,260.71869999999996
V013,CNG Bus,CNG,12,7,3408.0,654.9,23.2,46,15598.0,51082.2,1800.975,19.216549295774644,66680.2,5925.535199999999,208.9131
V013,CNG Bus,CNG,12,8,1881.0,378.1,23.2,46,15055.0,29491.800000000003,1039.775,20.101010101010104,44546.8,3421.0488,120.61390000000002
V013,CNG Bus,CNG,12,9,3869.0,805.1,23.2,46,15889.0,62797.8,2214.025,20.80899457224089,78686.8,7284.5448,256.82689999999997
V013,CNG Bus,CNG,12,10,3303.0,686.2,23.2,46,15729.0,53523.600000000006,1887.0500000000002,20.775052982137453,69252.6,6208.7376,218.89780000000002
V013,CNG Bus,CNG,12,11,2238.0,428.0,23.2,46,15278.0,33384.0,1177.0,19.124218051831992,48662.0,3872.544,136.53199999999998
V013,CNG Bus,CNG,12,12,3697.0,752.9,23.2,46,16117.0,58726.2,2070.475,20.36516094130376,74843.2,6812.239199999999,240.1751
V014,Electric Van,Electric,10,1,4197.0,1098.9,12.9,78,14845.0,9890.1,780.219,26.182987848463192,24735.1,637.9114500000001,50.32412550000001
V014,Electric Van,Electric,10,2,1733.0,436.0,12.9,78,13079.0,3924.0,309.56,25.158684362377382,17003.0,253.09799999999998,19.96662
V014,Electric Van,Electric,10,3,4200.0,1019.3,12.9,78,14064.0,9173.699999999999,723.703,24.26904761904762,23237.699999999997,591.7036499999999,46.6788435
V014,Electric Van,Electric,10,4,4858.0,1301.0,12.9,78,15602.0,11709.0,923.7099999999999,26.780568135034994,27311.0,755.2305,59.579294999999995
V014,Electric Van,Electric,10,5,4052.0,1032.5,12.9,78,14484.0,9292.5,733.0749999999999,25.481243830207305,23776.5,599.36625,47.283337499999995
V014,Electric Van,Electric,10,6,4462.0,1064.0,12.9,78,15380.0,9576.0,755.4399999999999,23.84580905423577,24956.0,617.652,48.72588
V014,Electric Van,Electric,10,7,5136.0,1397.5,12.9,78,14821.0,12577.5,992.2249999999999,27.209890965732086,27398.5,811.24875,63.9985125
V014,Electric Van,Electric,10,8,4123.0,1059.4,12.9,78,14423.0,9534.6,752.174,25.694882367208344,23957.6,614.9817,48.515223
V014,Electric Van,Electric,10,9,2378.0,585.2,12.9,78,13317.0,5266.8,415.492,24.60891505466779,18583.8,339.7086,26.799234000000002
V014,Electric Van,Electric,10,10,2622.0,690.9,12.9,78,13619.0,6218.099999999999,490.539,26.35011441647597,19837.1,401.06744999999995,31.6397655
V014,Electric Van,Electric,10,11,3585.0,810.4,12.9,78,14193.0,7293.599999999999,575.3839999999999,22.605299860529986,21486.6,470.4372,37.11226799999999
V014,Electric Van,Electric,10,12,3763.0,917.5,12.9,78,14806.0,8257.5,651.425,24.382141908052084,23063.5,532.60875,42.0169125
V015,Hybrid Car,Hybrid,6,1,4668.0,279.4,5.0,89,11564.0,27939.999999999996,645.414,5.985432733504712,39504.0,698.4999999999999,16.13535
V015,Hybrid Car,Hybrid,6,2,4911.0,290.9,5.0,89,10949.0,29089.999999999996,671.9789999999999,5.923437181836692,40039.0,727.2499999999999,16.799474999999997
V015,Hybrid Car,Hybrid,6,3,2487.0,146.4,5.0,89,10205.0,14640.0,338.184,5.886610373944512,24845.0,366.0,8.454600000000001
V015,Hybrid Car,Hybrid,6,4,5489.0,330.5,5.0,89,11892.0,33050.0,763.455,6.0211331754417925,44942.0,826.25,19.086375
V015,Hybrid Car,Hybrid,6,5,4196.0,277.8,5.0,89,11251.0,27780.0,641.7180000000001,6.620591039084843,39031.0,694.5,16.04295
V015,Hybrid Car,Hybrid,6,6,1634.0,101.0,5.0,89,9450.0,10100.0,233.31,6.181150550795594,19550.0,252.5,5.83275
V015,Hybrid Car,Hybrid,6,7,3125.0,196.2,5.0,89,10378.0,19620.0,453.222,6.2783999999999995,29998.0,490.5,11.330549999999999
V015,Hybrid Car,Hybrid,6,8,3337.0,197.4,5.0,89,10604.0,19740.0,455.994,5.915492957746479,30344.0,493.5,11.39985
V015,Hybrid Car,Hybrid,6,9,3549.0,215.2,5.0,89,10865.0,21520.0,497.11199999999997,6.0636799098337555,32385.0,538.0,12.4278
V015,Hybrid Car,Hybrid,6,10,2431.0,141.8,5.0,89,9832.0,14180.000000000002,327.55800000000005,5.832990538872893,24012.0,354.50000000000006,8.18895
V015,Hybrid Car,Hybrid,6,11,1823.0,109.9,5.0,89,9815.0,10990.0,253.86900000000003,6.028524410312672,20805.0,274.75,6.346725000000001
V015,Hybrid Car,Hybrid,6,12,2571.0,179.0,5.0,89,9687.0,17900.0,413.49,6.962271489692727,27587.0,447.5,10.33725
V016,Petrol Van,Petrol,12,1,3855.0,442.4,17.8,76,16058.0,44240.0,1021.944,11.476005188067443,60298.0,3937.36,90.953016
V016,Petrol Van,Petrol,12,2,2313.0,283.8,17.8,76,14985.0,28380.0,655.5780000000001,12.269779507133594,43365.0,2525.82,58.346442
V016,Petrol Van,Petrol,12,3,1504.0,170.3,17.8,76,14575.0,17030.0,393.39300000000003,11.323138297872342,31605.0,1515.67,35.01197700000001
V016,Petrol Van,Petrol,12,4,2691.0,348.0,17.8,76,15512.0,34800.0,803.88,12.931995540691194,50312.0,3097.2,71.54532
V016,Petrol Van,Petrol,12,5,3144.0,408.2,17.8,76,15425.0,40820.0,942.942,12.983460559796436,56245.0,3632.98,83.92183800000001
V016,Petrol Van,Petrol,12,6,3889.0,434.9,17.8,76,16726.0,43490.0,1004.6189999999999,11.182823347904346,60216.0,3870.61,89.411091
V016,Petrol Van,Petrol,12,7,3292.0,387.5,17.8,76,16129.0,38750.0,895.125,11.770959902794653,54879.0,3448.75,79.66612500000001
V016,Petrol Van,Petrol,12,8,1584.0,193.9,17.8,76,15006.0,19390.0,447.90900000000005,12.241161616161616,34396.0,1725.71,39.863901000000006
V016,Petrol Van,Petrol,12,9,4731.0,610.5,17.8,76,16959.0,61050.0,1410.255,12.904248573240329,78009.0,5433.45,125.51269500000002
V016,Petrol Van,Petrol,12,10,4093.0,472.2,17.8,76,16618.0,47220.0,1090.782,11.536770095284632,63838.0,4202.58,97.079598
V016,Petrol Van,Petrol,12,11,4193.0,478.8,17.8,76,16077.0,47880.0,1106.028,11.419031719532555,63957.0,4261.32,98.436492
V016,Petrol Van,Petrol,12,12,3283.0,393.7,17.8,76,16302.0,39370.0,909.447,11.992080414255254,55672.0,3503.93,80.940783
V017,CNG Bus,CNG,1,1,4395.0,720.1,15.9,62,6418.0,56167.8,1980.275,16.38452787258248,62585.8,4465.3401,157.4318625
V017,CNG Bus,CNG,1,2,3854.0,650.5,15.9,62,6067.0,50739.0,1788.875,16.878567721847432,56806.0,4033.7505,142.2155625
V017,CNG Bus,CNG,1,3,4624.0,815.4,15.9,62,7334.0,63601.2,2242.35,17.6340830449827,70935.2,5056.2954,178.26682499999998
V017,CNG Bus,CNG,1,4,4795.0,752.1,15.9,62,6582.0,58663.8,2068.275,15.685088633993743,65245.8,4663.7721,164.4278625
V017,CNG Bus,CNG,1,5,3822.0,642.6,15.9,62,6103.0,50122.8,1767.15,16.813186813186814,56225.8,3984.7626,140.488425
V017,CNG Bus,CNG,1,6,2686.0,388.4,15.9,62,5251.0,30295.199999999997,1068.1,14.460163812360385,35546.2,2408.4683999999997,84.91394999999999
V017,CNG Bus,CNG,1,7,2595.0,401.7,15.9,62,5565.0,31332.6,1104.675,15.479768786127169,36897.6,2490.9417,87.8216625
V017,CNG Bus,CNG,1,8,2375.0,410.9,15.9,62,5679.0,32050.199999999997,1129.975,17.301052631578948,37729.2,2547.9909,89.83301249999998
V017,CNG Bus,CNG,1,9,3199.0,555.7,15.9,62,6020.0,43344.600000000006,1528.1750000000002,17.37105345420444,49364.600000000006,3445.8957000000005,121.4899125
V017,CNG Bus,CNG,1,10,1575.0,269.0,15.9,62,5024.0,20982.0,739.75,17.07936507936508,26006.0,1668.069,58.810125
V017,CNG Bus,CNG,1,11,1802.0,293.9,15.9,62,4924.0,22924.199999999997,808.2249999999999,16.309655937846834,27848.199999999997,1822.4739,64.25388749999999
V017,CNG Bus,CNG,1,12,4620.0,755.6,15.9,62,6646.0,58936.8,2077.9,16.354978354978357,65582.8,4685.475600000001,165.19305
V018,Diesel Truck,Diesel,11,1,4530.0,1491.9,4.1,89,15927.0,137254.80000000002,3998.2920000000004,32.93377483443709,153181.80000000002,2813.7234000000003,81.96498600000001
V018,Diesel Truck,Diesel,11,2,1987.0,648.0,4.1,89,13869.0,59616.0,1736.64,32.611977856064414,73485.0,1222.128,35.60112
V018,Diesel Truck,Diesel,11,3,2479.0,799.6,4.1,89,14211.0,73563.2,2142.9280000000003,32.25494150867285,87774.2,1508.0455999999997,43.930024
V018,Diesel Truck,Diesel,11,4,3374.0,1127.1,4.1,89,14576.0,103693.2,3020.628,33.40545346769413,118269.2,2125.7106,61.922874
V018,Diesel Truck,Diesel,11,5,4381.0,1389.3,4.1,89,15962.0,127815.59999999999,3723.324,31.71193791371833,143777.59999999998,2620.2197999999994,76.328142
V018,Diesel Truck,Diesel,11,6,5382.0,1682.7,4.1,89,16753.0,154808.4,4509.636,31.26532887402453,171561.4,3173.5721999999996,92.44753800000001
V018,Diesel Truck,Diesel,11,7,4455.0,1507.4,4.1,89,15370.0,138680.80000000002,4039.8320000000003,33.83613916947251,154050.80000000002,2842.9564,82.816556
V018,Diesel Truck,Diesel,11,8,4095.0,1423.1,4.1,89,14949.0,130925.2,3813.908,34.75213675213675,145874.2,2683.9665999999997,78.185114
V018,Diesel Truck,Diesel,11,9,2434.0,743.4,4.1,89,14367.0,68392.8,1992.3120000000001,30.542317173377153,82759.8,1402.0523999999998,40.842396
V018,Diesel Truck,Diesel,11,10,3653.0,1172.7,4.1,89,15225.0,107888.40000000001,3142.8360000000002,32.10238160416096,123113.40000000001,2211.7122,64.428138
V018,Diesel Truck,Diesel,11,11,4719.0,1623.6,4.1,89,15329.0,149371.19999999998,4351.248,34.4055944055944,164700.19999999998,3062.1096,89.20058399999998
V018,Diesel Truck,Diesel,11,12,2953.0,936.9,4.1,89,14977.0,86194.8,2510.8920000000003,31.727057229935657,101171.8,1766.9934,51.473286
V019,CNG Bus,CNG,11,1,1549.0,279.0,12.7,95,13809.0,21762.0,767.25,18.01162040025823,35571.0,1381.8869999999997,48.720375
V019,CNG Bus,CNG,11,2,2388.0,433.2,12.7,95,14294.0,33789.6,1191.3,18.140703517587937,48083.6,2145.6396,75.64755
V019,CNG Bus,CNG,11,3,3944.0,698.3,12.7,95,15030.0,54467.399999999994,1920.3249999999998,17.705375253549693,69497.4,3458.679899999999,121.94063749999998
V019,CNG Bus,CNG,11,4,2714.0,458.3,12.7,95,14708.0,35747.4,1260.325,16.88651436993368,50455.4,2269.9599,80.0306375
V019,CNG Bus,CNG,11,5,4077.0,673.5,12.7,95,15569.0,52533.0,1852.125,16.519499632082415,68102.0,3335.8455,117.6099375
V019,CNG Bus,CNG,11,6,4200.0,761.5,12.7,95,15783.0,59397.0,2094.125,18.13095238095238,75180.0,3771.7094999999995,132.9769375
V019,CNG Bus,CNG,11,7,2114.0,374.7,12.7,95,14480.0,29226.6,1030.425,17.72469252601703,43706.6,1855.8890999999996,65.43198749999999
V019,CNG Bus,CNG,11,8,3120.0,505.5,12.7,95,15206.0,39429.0,1390.125,16.201923076923077,54635.0,2503.7415,88.27293749999998
V019,CNG Bus,CNG,11,9,4806.0,865.2,12.7,95,15482.0,67485.6,2379.3,18.002496878901376,82967.6,4285.3356,151.08555
V019,CNG Bus,CNG,11,10,3993.0,689.2,12.7,95,15921.0,53757.600000000006,1895.3000000000002,17.260205359378915,69678.6,3413.6076000000003,120.35155
V019,CNG Bus,CNG,11,11,1653.0,286.8,12.7,95,13864.0,22370.4,788.7,17.3502722323049,36234.4,1420.5204,50.08245
V019,CNG Bus,CNG,11,12,5205.0,910.6,12.7,95,16860.0,71026.8,2504.15,17.494716618635927,87886.8,4510.2018,159.013525
V020,Hybrid Car,Hybrid,12,1,1602.0,117.8,17.5,82,14922.0,11780.0,272.118,7.35330836454432,26702.0,1030.75,23.810325
V020,Hybrid Car,Hybrid,12,2,1626.0,117.8,17.5,82,14981.0,11780.0,272.118,7.244772447724477,26761.0,1030.75,23.810325
V020,Hybrid Car,Hybrid,12,3,3731.0,289.7,17.5,82,15676.0,28970.0,669.207,7.764674350040203,44646.0,2534.875,58.555612499999995
V020,Hybrid Car,Hybrid,12,4,2062.0,152.5,17.5,82,14970.0,15250.0,352.27500000000003,7.395732298739088,30220.0,1334.375,30.824062500000004
V020,Hybrid Car,Hybrid,12,5,5010.0,353.3,17.5,82,17146.0,35330.0,816.123,7.05189620758483,52476.0,3091.375,71.4107625
V020,Hybrid Car,Hybrid,12,6,3160.0,218.5,17.5,82,16184.0,21850.0,504.735,6.914556962025316,38034.0,1911.875,44.16431250000001
V020,Hybrid Car,Hybrid,12,7,3207.0,235.0,17.5,82,15867.0,23500.0,542.85,7.327720611163081,39367.0,2056.25,47.499375
V020,Hybrid Car,Hybrid,12,8,3543.0,240.8,17.5,82,15977.0,24080.0,556.248,6.796500141123342,40057.0,2107.0,48.6717
V020,Hybrid Car,Hybrid,12,9,4460.0,316.1,17.5,82,17125.0,31610.000000000004,730.191,7.087443946188341,48735.0,2765.8750000000005,63.891712500000004
V020,Hybrid Car,Hybrid,12,10,3951.0,287.7,17.5,82,16121.0,28770.0,664.587,7.281700835231588,44891.0,2517.375,58.1513625
V020,Hybrid Car,Hybrid,12,11,2899.0,205.1,17.5,82,16017.0,20510.0,473.781,7.074853397723353,36527.0,1794.625,41.4558375
V020,Hybrid Car,Hybrid,12,12,2752.0,188.3,17.5,82,15702.0,18830.0,434.973,6.842296511627907,34532.0,1647.625,38.0601375
V021,Diesel Truck,Diesel,11,1,5249.0,1976.2,19.5,69,15863.0,181810.4,5296.216,37.64907601447895,197673.4,17726.514,516.38106
V021,Diesel Truck,Diesel,11,2,4469.0,1637.0,19.5,69,16346.0,150604.0,4387.16,36.63011859476393,166950.0,14683.89,427.74809999999997
V021,Diesel Truck,Diesel,11,3,2163.0,808.2,19.5,69,14077.0,74354.40000000001,2165.976,37.36477115117892,88431.40000000001,7249.554000000001,211.18266
V021,Diesel Truck,Diesel,11,4,1937.0,749.3,19.5,69,14242.0,68935.59999999999,2008.124,38.6835312338668,83177.59999999999,6721.220999999999,195.79209
V021,Diesel Truck,Diesel,11,5,2633.0,947.6,19.5,69,14779.0,87179.2,2539.568,35.989365742499054,101958.2,8499.972,247.60788
V021,Diesel Truck,Diesel,11,6,3155.0,1231.1,19.5,69,15134.0,113261.2,3299.348,39.020602218700475,128395.2,11042.966999999999,321.68643
V021,Diesel Truck,Diesel,11,7,1639.0,599.4,19.5,69,14143.0,55144.799999999996,1606.392,36.57107992678462,69287.79999999999,5376.6179999999995,156.62322
V021,Diesel Truck,Diesel,11,8,5352.0,1878.5,19.5,69,16139.0,172822.0,5034.38,35.09902840059791,188961.0,16850.145,490.85205
V021,Diesel Truck,Diesel,11,9,2272.0,875.2,19.5,69,14033.0,80518.40000000001,2345.536,38.521126760563384,94551.40000000001,7850.544000000002,228.68976000000004
V021,Diesel Truck,Diesel,11,10,4446.0,1733.9,19.5,69,15093.0,159518.80000000002,4646.852000000001,38.99910031488979,174611.80000000002,15553.083000000002,453.0680700000001
V021,Diesel Truck,Diesel,11,11,2351.0,901.0,19.5,69,14347.0,82892.0,2414.6800000000003,38.3241173968524,97239.0,8081.97,235.43130000000005
V021,Diesel Truck,Diesel,11,12,4421.0,1544.4,19.5,69,15149.0,142084.80000000002,4138.992,34.93327301515494,157233.80000000002,13853.268000000004,403.55172
V022,Diesel Truck,Diesel,8,1,4629.0,1567.5,18.7,85,12699.0,144210.0,4200.900000000001,33.86260531432275,156909.0,13483.635,392.78415
V022,Diesel Truck,Diesel,8,2,3703.0,1428.0,18.7,85,12103.0,131376.0,3827.0400000000004,38.56332703213611,143479.0,12283.655999999999,357.82824
V022,Diesel Truck,Diesel,8,3,4853.0,1739.8,18.7,85,12662.0,160061.6,4662.664,35.84998969709458,172723.6,14965.7596,435.9590839999999
V022,Diesel Truck,Diesel,8,4,3463.0,1191.6,18.7,85,12687.0,109627.2,3193.488,34.409471556453944,122314.2,10250.143199999999,298.59112799999997
V022,Diesel Truck,Diesel,8,5,2243.0,810.4,18.7,85,11403.0,74556.8,2171.872,36.13018279090504,85959.8,6971.060799999999,203.070032
V022,Diesel Truck,Diesel,8,6,4706.0,1712.3,18.7,85,12966.0,157531.6,4588.964,36.38546536336592,170497.6,14729.2046,429.068134
V022,Diesel Truck,Diesel,8,7,4205.0,1538.2,18.7,85,12748.0,141514.4,4122.376,36.58026159334126,154262.4,13231.596399999999,385.442156
V022,Diesel Truck,Diesel,8,8,2679.0,982.8,18.7,85,11730.0,90417.59999999999,2633.904,36.68533034714446,102147.59999999999,8454.0456,246.27002399999998
V022,Diesel Truck,Diesel,8,9,4043.0,1399.9,18.7,85,13234.0,128790.8,3751.7320000000004,34.62527825871878,142024.8,12041.9398,350.78694200000007
V022,Diesel Truck,Diesel,8,10,2898.0,976.1,18.7,85,11663.0,89801.2,2615.9480000000003,33.68184955141477,101464.2,8396.412199999999,244.59113800000003
V022,Diesel Truck,Diesel,8,11,3467.0,1164.8,18.7,85,12570.0,107161.59999999999,3121.664,33.596769541390245,119731.59999999999,10019.609599999998,291.875584
V022,Diesel Truck,Diesel,8,12,4452.0,1462.6,18.7,85,13156.0,134559.19999999998,3919.768,32.852650494159924,147715.19999999998,12581.285199999998,366.49830799999995
V023,Diesel Truck,Diesel,6,1,4830.0,1737.6,20.7,81,11400.0,159859.19999999998,4656.768,35.9751552795031,171259.19999999998,16545.4272,481.975488
V023,Diesel Truck,Diesel,6,2,3388.0,1091.0,20.7,81,10347.0,100372.0,2923.88,32.20188902007084,110719.0,10388.502,302.62158
V023,Diesel Truck,Diesel,6,3,3839.0,1353.9,20.7,81,10924.0,124558.8,3628.4520000000007,35.26699661370149,135482.8,12891.8358,375.54478200000005
V023,Diesel Truck,Diesel,6,4,4098.0,1500.8,20.7,81,10525.0,138073.6,4022.1440000000002,36.62274280136652,148598.6,14290.6176,416.291904
V023,Diesel Truck,Diesel,6,5,5007.0,1774.2,20.7,81,11122.0,163226.4,4754.856000000001,35.43439185140803,174348.4,16893.9324,492.12759600000004
V023,Diesel Truck,Diesel,6,6,3047.0,1015.6,20.7,81,10725.0,93435.2,2721.8080000000004,33.331145388907125,104160.2,9670.5432,281.70712800000007
V023,Diesel Truck,Diesel,6,7,3416.0,1280.3,20.7,81,10408.0,117787.59999999999,3431.204,37.47950819672131,128195.59999999999,12191.016599999999,355.129614
V023,Diesel Truck,Diesel,6,8,1919.0,701.4,20.7,81,9799.0,64528.799999999996,1879.752,36.55028660760813,74327.79999999999,6678.730799999999,194.554332
V023,Diesel Truck,Diesel,6,9,2621.0,938.8,20.7,81,9692.0,86369.59999999999,2515.984,35.81838992750858,96061.59999999999,8939.253599999998,260.404344
V023,Diesel Truck,Diesel,6,10,2328.0,816.9,20.7,81,9550.0,75154.8,2189.292,35.090206185567006,84704.8,7778.5218,226.59172199999998
V023,Diesel Truck,Diesel,6,11,1886.0,664.9,20.7,81,9543.0,61170.799999999996,1781.932,35.254506892895016,70713.79999999999,6331.1777999999995,184.429962
V023,Diesel Truck,Diesel,6,12,3258.0,1034.3,20.7,81,10225.0,95155.59999999999,2771.924,31.746470227133212,105380.59999999999,9848.604599999999,286.89413399999995
V024,Diesel Truck,Diesel,6,1,2263.0,778.1,14.4,82,9563.0,71585.2,2085.308,34.38356164383562,81148.2,5154.1344,150.142176
V024,Diesel Truck,Diesel,6,2,1997.0,663.1,14.4,82,9392.0,61005.200000000004,1777.1080000000002,33.20480721081622,70397.20000000001,4392.374400000001,127.95177600000001
V024,Diesel Truck,Diesel,6,3,4777.0,1558.9,14.4,82,10813.0,143418.80000000002,4177.852000000001,32.63345195729537,154231.80000000002,10326.153600000001,300.8053440000001
V024,Diesel Truck,Diesel,6,4,3713.0,1325.8,14.4,82,10773.0,121973.59999999999,3553.1440000000002,35.70697549151629,132746.59999999998,8782.099199999999,255.82636800000003
V024,Diesel Truck,Diesel,6,5,1925.0,631.2,14.4,82,9431.0,58070.4,1691.6160000000002,32.78961038961039,67501.4,4181.0688,121.79635200000003
V024,Diesel Truck,Diesel,6,6,2446.0,842.2,14.4,82,10227.0,77482.40000000001,2257.0960000000005,34.431725265739985,87709.40000000001,5578.732800000001,162.51091200000005
V024,Diesel Truck,Diesel,6,7,4491.0,1452.0,14.4,82,11547.0,133584.0,3891.36,32.331329325317306,145131.0,9618.048,280.17792000000003
V024,Diesel Truck,Diesel,6,8,3763.0,1335.5,14.4,82,10604.0,122866.0,3579.1400000000003,35.49030029231996,133470.0,8846.352,257.69808000000006
V024,Diesel Truck,Diesel,6,9,3440.0,1239.1,14.4,82,10363.0,113997.2,3320.788,36.0203488372093,124360.2,8207.7984,239.09673600000002
V024,Diesel Truck,Diesel,6,10,2582.0,834.7,14.4,82,9957.0,76792.40000000001,2236.996,32.327652982184354,86749.40000000001,5529.0528,161.063712
V024,Diesel Truck,Diesel,6,11,5479.0,1960.5,14.4,82,11640.0,180366.0,5254.14,35.78207702135426,192006.0,12986.351999999999,378.29808
V024,Diesel Truck,Diesel,6,12,1653.0,527.3,14.4,82,9377.0,48511.6,1413.164,31.89957652752571,57888.6,3492.8352,101.747808
V025,Petrol Van,Petrol,12,1,4276.0,483.5,18.6,77,16673.0,48350.0,1116.885,11.307296538821328,65023.0,4496.55,103.870305
V025,Petrol Van,Petrol,12,2,5325.0,636.5,18.6,77,17531.0,63650.0,1470.315,11.953051643192488,81181.0,5919.45,136.73929500000003
V025,Petrol Van,Petrol,12,3,5328.0,625.4,18.6,77,17678.0,62540.0,1444.674,11.737987987987987,80218.0,5816.22,134.35468200000003
V025,Petrol Van,Petrol,12,4,3902.0,530.9,18.6,77,15808.0,53090.0,1226.379,13.605843157355203,68898.0,4937.370000000001,114.053247
V025,Petrol Van,Petrol,12,5,4264.0,520.1,18.6,77,16223.0,52010.0,1201.431,12.197467166979363,68233.0,4836.93,111.73308300000001
V025,Petrol Van,Petrol,12,6,2523.0,281.6,18.6,77,15394.0,28160.000000000004,650.4960000000001,11.16131589377725,43554.0,2618.8800000000006,60.49612800000002
V025,Petrol Van,Petrol,12,7,1985.0,231.9,18.6,77,15193.0,23190.0,535.6890000000001,11.682619647355164,38383.0,2156.67,49.81907700000001
V025,Petrol Van,Petrol,12,8,3725.0,464.4,18.6,77,16142.0,46440.0,1072.764,12.46711409395973,62582.0,4318.920000000001,99.767052
V025,Petrol Van,Petrol,12,9,3055.0,356.1,18.6,77,15649.0,35610.0,822.5910000000001,11.656301145662848,51259.0,3311.73,76.50096300000001
V025,Petrol Van,Petrol,12,10,3998.0,488.8,18.6,77,16218.0,48880.0,1129.1280000000002,12.226113056528265,65098.0,4545.84,105.00890400000002
V025,Petrol Van,Petrol,12,11,5228.0,629.8,18.6,77,16896.0,62979.99999999999,1454.838,12.046671767406274,79876.0,5857.14,135.299934
V025,Petrol Van,Petrol,12,12,3128.0,389.6,18.6,77,15541.0,38960.0,899.9760000000001,12.455242966751918,54501.0,3623.28,83.69776800000001
V026,CNG Bus,CNG,5,1,4800.0,795.8,25.5,58,11023.0,62072.399999999994,2188.45,16.579166666666666,73095.4,7914.231,279.027375
V026,CNG Bus,CNG,5,2,2204.0,400.5,25.5,58,8637.0,31239.0,1101.375,18.171506352087114,39876.0,3982.9725,140.4253125
V026,CNG Bus,CNG,5,3,1946.0,371.5,25.5,58,8902.0,28977.0,1021.625,19.09044193216855,37879.0,3694.5675,130.2571875
V026,CNG Bus,CNG,5,4,2193.0,403.5,25.5,58,8637.0,31473.0,1109.625,18.399452804377564,40110.0,4012.8075,141.4771875
V026,CNG Bus,CNG,5,5,3786.0,722.6,25.5,58,9843.0,56362.8,1987.15,19.086106708927627,66205.8,7186.2570000000005,253.36162500000003
V026,CNG Bus,CNG,5,6,4630.0,780.5,25.5,58,10266.0,60879.0,2146.375,16.857451403887687,71145.0,7762.0725,273.6628125
V026,CNG Bus,CNG,5,7,2230.0,433.9,25.5,58,8766.0,33844.2,1193.225,19.45739910313901,42610.2,4315.1355,152.1361875
V026,CNG Bus,CNG,5,8,3828.0,718.3,25.5,58,9440.0,56027.399999999994,1975.3249999999998,18.764367816091955,65467.399999999994,7143.4935,251.8539375
V026,CNG Bus,CNG,5,9,4137.0,797.5,25.5,58,10489.0,62205.0,2193.125,19.27725404882765,72694.0,7931.1375,279.6234375
V026,CNG Bus,CNG,5,10,4871.0,974.5,25.5,58,10609.0,76011.0,2679.875,20.006158899609936,86620.0,9691.4025,341.6840625
V026,CNG Bus,CNG,5,11,3968.0,772.0,25.5,58,9842.0,60216.0,2123.0,19.45564516129032,70058.0,7677.54,270.6825
V026,CNG Bus,CNG,5,12,2708.0,522.7,25.5,58,9566.0,40770.600000000006,1437.4250000000002,19.302067946824224,50336.600000000006,5198.251500000001,183.2716875
V027,Diesel Truck,Diesel,6,1,4950.0,1717.1,29.7,77,11112.0,157973.19999999998,4601.828,34.68888888888888,169085.19999999998,23459.020199999995,683.371458
V027,Diesel Truck,Diesel,6,2,3724.0,1341.7,29.7,77,11049.0,123436.40000000001,3595.7560000000003,36.028464017185826,134485.40000000002,18330.3054,533.969766
V027,Diesel Truck,Diesel,6,3,4255.0,1529.9,29.7,77,10955.0,140750.80000000002,4100.1320000000005,35.95534665099883,151705.80000000002,20901.4938,608.8696020000001
V027,Diesel Truck,Diesel,6,4,4910.0,1761.0,29.7,77,10961.0,162012.0,4719.4800000000005,35.865580448065174,172973.0,24058.781999999996,700.8427800000001
V027,Diesel Truck,Diesel,6,5,4778.0,1804.0,29.7,77,11262.0,165968.0,4834.72,37.756383424026794,177230.0,24646.248,717.95592
V027,Diesel Truck,Diesel,6,6,2988.0,1143.0,29.7,77,10041.0,105156.0,3063.2400000000002,38.25301204819277,115197.0,15615.666,454.89114
V027,Diesel Truck,Diesel,6,7,3916.0,1471.1,29.7,77,11194.0,135341.19999999998,3942.548,37.56639427987742,146535.19999999998,20098.168199999996,585.4683779999999
V027,Diesel Truck,Diesel,6,8,3619.0,1342.2,29.7,77,11004.0,123482.40000000001,3597.0960000000005,37.08759325780602,134486.40000000002,18337.136400000003,534.168756
V027,Diesel Truck,Diesel,6,9,2736.0,966.5,29.7,77,10128.0,88918.0,2590.2200000000003,35.32529239766082,99046.0,13204.323,384.64767
V027,Diesel Truck,Diesel,6,10,1956.0,751.6,29.7,77,9448.0,69147.2,2014.2880000000002,38.425357873210636,78595.2,10268.359199999999,299.12176800000003
V027,Diesel Truck,Diesel,6,11,5179.0,1773.1,29.7,77,11782.0,163125.19999999998,4751.908,34.2363390615949,174907.19999999998,24224.0922,705.6583380000001
V027,Diesel Truck,Diesel,6,12,3614.0,1356.8,29.7,77,11062.0,124825.59999999999,3636.224,37.54288876591035,135887.59999999998,18536.601599999998,539.9792640000001
V028,Petrol Van,Petrol,1,1,2541.0,278.3,30.2,61,5823.0,27830.0,642.873,10.952380952380953,33653.0,4202.33,97.073823
V028,Petrol Van,Petrol,1,2,4068.0,455.8,30.2,61,5992.0,45580.0,1052.8980000000001,11.204523107177975,51572.0,6882.58,158.98759800000002
V028,Petrol Van,Petrol,1,3,5288.0,580.3,30.2,61,7775.0,58029.99999999999,1340.493,10.973903177004537,65805.0,8762.529999999999,202.414443
V028,Petrol Van,Petrol,1,4,5276.0,550.2,30.2,61,7787.0,55020.00000000001,1270.9620000000002,10.428354814253222,62807.00000000001,8308.02,191.91526200000004
V028,Petrol Van,Petrol,1,5,2212.0,262.1,30.2,61,5069.0,26210.000000000004,605.451,11.849005424954793,31279.000000000004,3957.7100000000005,91.423101
V028,Petrol Van,Petrol,1,6,4963.0,529.4,30.2,61,6553.0,52940.0,1222.914,10.6669353213782,59493.0,7993.94,184.66001400000002
V028,Petrol Van,Petrol,1,7,1631.0,168.6,30.2,61,4860.0,16860.0,389.466,10.337216431637032,21720.0,2545.86,58.809366
V028,Petrol Van,Petrol,1,8,2302.0,278.0,30.2,61,5074.0,27800.0,642.1800000000001,12.076455256298871,32874.0,4197.8,96.96918000000001
V028,Petrol Van,Petrol,1,9,4553.0,530.3,30.2,61,6811.0,53029.99999999999,1224.993,11.64726553920492,59840.99999999999,8007.529999999999,184.973943
V028,Petrol Van,Petrol,1,10,5318.0,641.2,30.2,61,7736.0,64120.00000000001,1481.1720000000003,12.05716434749906,71856.0,9682.12,223.65697200000002
V028,Petrol Van,Petrol,1,11,5321.0,628.6,30.2,61,7712.0,62860.0,1452.066,11.813568878030447,70572.0,9491.86,219.261966
V028,Petrol Van,Petrol,1,12,2992.0,354.1,30.2,61,6162.0,35410.0,817.9710000000001,11.834893048128343,41572.0,5346.91,123.51362100000001
V029,Petrol Van,Petrol,8,1,3803.0,415.3,10.7,74,12105.0,41530.0,959.3430000000001,10.920326058374966,53635.0,2221.8549999999996,51.324850500000004
V029,Petrol Van,Petrol,8,2,3856.0,423.4,10.7,74,12796.0,42340.0,978.054,10.980290456431534,55136.0,2265.1899999999996,52.325889
V029,Petrol Van,Petrol,8,3,5052.0,553.3,10.7,74,13225.0,55329.99999999999,1278.1229999999998,10.952098178939034,68555.0,2960.1549999999993,68.37958049999999
V029,Petrol Van,Petrol,8,4,1604.0,182.1,10.7,74,11171.0,18210.0,420.651,11.35286783042394,29381.0,974.235,22.5048285
V029,Petrol Van,Petrol,8,5,5292.0,560.7,10.7,74,12858.0,56070.00000000001,1295.217,10.595238095238097,68928.0,2999.745,69.2941095
V029,Petrol Van,Petrol,8,6,3422.0,396.4,10.7,74,12078.0,39640.0,915.684,11.583869082407947,51718.0,2120.74,48.989093999999994
V029,Petrol Van,Petrol,8,7,4467.0,472.1,10.7,74,12928.0,47210.0,1090.5510000000002,10.568614282516231,60138.0,2525.7349999999997,58.34447850000001
V029,Petrol Van,Petrol,8,8,4199.0,425.4,10.7,74,12891.0,42540.0,982.674,10.130983567516076,55431.0,2275.89,52.57305899999999
V029,Petrol Van,Petrol,8,9,5253.0,594.5,10.7,74,13668.0,59450.0,1373.295,11.31734247096897,73118.0,3180.575,73.4712825
V029,Petrol Van,Petrol,8,10,5357.0,549.5,10.7,74,13258.0,54950.0,1269.345,10.25760686951652,68208.0,2939.825,67.9099575
V029,Petrol Van,Petrol,8,11,2499.0,280.1,10.7,74,11468.0,28010.000000000004,647.0310000000001,11.208483393357344,39478.0,1498.535,34.616158500000004
V029,Petrol Van,Petrol,8,12,3857.0,438.4,10.7,74,12664.0,43840.0,1012.704,11.366346901737101,56504.0,2345.4399999999996,54.179663999999995
V030,Petrol Van,Petrol,7,1,4234.0,464.0,6.2,67,11871.0,46400.0,1071.84,10.95890410958904,58271.0,1438.4,33.227039999999995
V030,Petrol Van,Petrol,7,2,3685.0,390.1,6.2,67,12017.0,39010.0,901.1310000000001,10.58616010854817,51027.0,1209.31,27.935061000000005
V030,Petrol Van,Petrol,7,3,5156.0,562.8,6.2,67,12381.0,56279.99999999999,1300.068,10.915438324282388,68661.0,1744.6799999999996,40.302108000000004
V030,Petrol Van,Petrol,7,4,4433.0,499.6,6.2,67,11440.0,49960.0,1154.076,11.270020302278368,61400.0,1548.76,35.776356
V030,Petrol Van,Petrol,7,5,2095.0,218.1,6.2,67,10350.0,21810.0,503.811,10.41050119331742,32160.0,676.11,15.618141000000001
V030,Petrol Van,Petrol,7,6,1616.0,163.4,6.2,67,10172.0,16340.0,377.454,10.111386138613861,26512.0,506.54,11.701074
V030,Petrol Van,Petrol,7,7,1607.0,165.5,6.2,67,10365.0,16550.0,382.305,10.298693217174861,26915.0,513.05,11.851455000000001
V030,Petrol Van,Petrol,7,8,2280.0,245.5,6.2,67,10756.0,24550.0,567.105,10.767543859649123,35306.0,761.05,17.580255
V030,Petrol Van,Petrol,7,9,4577.0,482.4,6.2,67,12125.0,48240.0,1114.344,10.53965479571772,60365.0,1495.44,34.544664000000004
V030,Petrol Van,Petrol,7,10,3341.0,350.3,6.2,67,11099.0,35030.0,809.1930000000001,10.484884765040407,46129.0,1085.93,25.084983
V030,Petrol Van,Petrol,7,11,5264.0,572.9,6.2,67,12414.0,57290.0,1323.399,10.88335866261398,69704.0,1775.99,41.025369
V030,Petrol Van,Petrol,7,12,5365.0,550.7,6.2,67,12712.0,55070.00000000001,1272.1170000000002,10.264678471575024,67782.0,1707.1700000000003,39.43562700000001
V031,Diesel Truck,Diesel,5,1,4603.0,1579.1,15.4,51,9850.0,145277.19999999998,4231.988,34.30588746469693,155127.19999999998,11186.3444,325.86307600000004
V031,Diesel Truck,Diesel,5,2,5490.0,1919.9,15.4,51,11228.0,176630.80000000002,5145.332,34.970856102003644,187858.80000000002,13600.571600000001,396.190564
V031,Diesel Truck,Diesel,5,3,4084.0,1448.8,15.4,51,9977.0,133289.6,3882.784,35.47502448579824,143266.6,10263.299200000001,298.974368
V031,Diesel Truck,Diesel,5,4,4063.0,1518.5,15.4,51,10292.0,139702.0,4069.5800000000004,37.37386167856263,149994.0,10757.054000000002,313.35766
V031,Diesel Truck,Diesel,5,5,5428.0,1786.2,15.4,51,11013.0,164330.4,4787.0160000000005,32.90714812085483,175343.4,12653.4408,368.600232
V031,Diesel Truck,Diesel,5,6,4770.0,1721.7,15.4,51,10026.0,158396.4,4614.156,36.094339622641506,168422.4,12196.5228,355.290012
V031,Diesel Truck,Diesel,5,7,5234.0,1807.3,15.4,51,11559.0,166271.6,4843.564,34.52999617883072,177830.6,12802.9132,372.95442800000006
V031,Diesel Truck,Diesel,5,8,3268.0,1166.3,15.4,51,9220.0,107299.59999999999,3125.684,35.688494492044065,116519.59999999999,8262.0692,240.677668
V031,Diesel Truck,Diesel,5,9,4270.0,1576.9,15.4,51,9992.0,145074.80000000002,4226.092000000001,36.92974238875878,155066.80000000002,11170.759600000001,325.40908400000006
V031,Diesel Truck,Diesel,5,10,4838.0,1716.5,15.4,51,11065.0,157918.0,4600.22,35.47953699875982,168983.0,12159.686000000002,354.21694
V031,Diesel Truck,Diesel,5,11,4232.0,1579.4,15.4,51,10009.0,145304.80000000002,4232.792,37.32041587901701,155313.80000000002,11188.469600000002,325.92498400000005
V031,Diesel Truck,Diesel,5,12,3669.0,1187.3,15.4,51,9970.0,109231.59999999999,3181.964,32.36031616244208,119201.59999999999,8410.8332,245.01122800000002
V032,Electric Van,Electric,10,1,3319.0,837.9,24.3,90,13758.0,7541.099999999999,594.909,25.245555890328415,21299.1,916.2436499999999,72.28144350000001
V032,Electric Van,Electric,10,2,5453.0,1453.7,24.3,90,16215.0,13083.300000000001,1032.127,26.658719970658357,29298.300000000003,1589.6209500000002,125.4034305
V032,Electric Van,Electric,10,3,2780.0,705.9,24.3,90,13795.0,6353.099999999999,501.18899999999996,25.39208633093525,20148.1,771.9016499999999,60.8944635
V032,Electric Van,Electric,10,4,2067.0,560.7,24.3,90,13039.0,5046.3,398.09700000000004,27.126269956458636,18085.3,613.12545,48.3687855
V032,Electric Van,Electric,10,5,2642.0,685.0,24.3,90,13791.0,6165.0,486.34999999999997,25.927327781983344,19956.0,749.0475,59.091525000000004
V032,Electric Van,Electric,10,6,5462.0,1514.4,24.3,90,14980.0,13629.6,1075.224,27.726107652874404,28609.6,1655.9964000000002,130.639716
V032,Electric Van,Electric,10,7,5267.0,1354.2,24.3,90,14694.0,12187.800000000001,961.482,25.711030947408393,26881.800000000003,1480.8177000000003,116.82006299999999
V032,Electric Van,Electric,10,8,1579.0,399.9,24.3,90,13111.0,3599.1,283.929,25.326155794806837,16710.1,437.29065,34.4973735
V032,Electric Van,Electric,10,9,5433.0,1449.3,24.3,90,14817.0,13043.699999999999,1029.003,26.675869685256764,27860.699999999997,1584.80955,125.0238645
V032,Electric Van,Electric,10,10,2989.0,775.7,24.3,90,13807.0,6981.3,550.747,25.951823352291736,20788.3,848.22795,66.91576049999999
V032,Electric Van,Electric,10,11,3059.0,789.6,24.3,90,13795.0,7106.400000000001,560.616,25.81235697940504,20901.4,863.4276000000001,68.114844
V032,Electric Van,Electric,10,12,2154.0,529.1,24.3,90,13376.0,4761.900000000001,375.661,24.5636025998143,18137.9,578.5708500000001,45.6428115
V033,Hybrid Car,Hybrid,12,1,3277.0,242.9,4.3,56,16109.0,24290.0,561.099,7.4122673176686,40399.0,522.235,12.0636285
V033,Hybrid Car,Hybrid,12,2,3137.0,213.3,4.3,56,15871.0,21330.0,492.723,6.799489958559134,37201.0,458.595,10.5935445
V033,Hybrid Car,Hybrid,12,3,2208.0,171.2,4.3,56,15213.0,17120.0,395.472,7.753623188405796,32333.0,368.08,8.502647999999999
V033,Hybrid Car,Hybrid,12,4,4142.0,305.3,4.3,56,15815.0,30530.0,705.243,7.370835345243844,46345.0,656.395,15.1627245
V033,Hybrid Car,Hybrid,12,5,3521.0,243.7,4.3,56,15889.0,24370.0,562.947,6.9213291678500415,40259.0,523.955,12.103360499999999
V033,Hybrid Car,Hybrid,12,6,1781.0,128.6,4.3,56,15049.0,12860.0,297.066,7.2206625491297025,27909.0,276.49,6.386918999999999
V033,Hybrid Car,Hybrid,12,7,3482.0,274.6,4.3,56,16039.0,27460.000000000004,634.326,7.886272257323378,43499.0,590.3900000000001,13.638009
V033,Hybrid Car,Hybrid,12,8,5362.0,417.8,4.3,56,17617.0,41780.0,965.118,7.791868705706826,59397.0,898.27,20.750037000000003
V033,Hybrid Car,Hybrid,12,9,2374.0,177.3,4.3,56,15537.0,17730.0,409.56300000000005,7.4684077506318465,33267.0,381.195,8.805604500000001
V033,Hybrid Car,Hybrid,12,10,2709.0,191.7,4.3,56,15806.0,19170.0,442.827,7.076411960132891,34976.0,412.155,9.520780499999999
V033,Hybrid Car,Hybrid,12,11,1882.0,147.5,4.3,56,14746.0,14750.0,340.725,7.83740701381509,29496.0,317.125,7.3255875
V033,Hybrid Car,Hybrid,12,12,3275.0,232.9,4.3,56,15753.0,23290.0,537.999,7.111450381679389,39043.0,500.735,11.5669785
V034,Petrol Van,Petrol,11,1,4880.0,549.2,21.5,86,16215.0,54920.00000000001,1268.652,11.254098360655739,71135.0,5903.9000000000015,136.38009
V034,Petrol Van,Petrol,11,2,3849.0,478.5,21.5,86,15230.0,47850.0,1105.335,12.431800467653936,63080.0,5143.875,118.82351249999999
V034,Petrol Van,Petrol,11,3,4309.0,513.9,21.5,86,15772.0,51390.0,1187.109,11.926200974704107,67162.0,5524.425,127.6142175
V034,Petrol Van,Petrol,11,4,3001.0,381.7,21.5,86,14732.0,38170.0,881.727,12.719093635454847,52902.0,4103.275,94.7856525
V034,Petrol Van,Petrol,11,5,1950.0,249.9,21.5,86,14414.0,24990.0,577.269,12.815384615384614,39404.0,2686.425,62.056417499999995
V034,Petrol Van,Petrol,11,6,4737.0,546.6,21.5,86,15561.0,54660.0,1262.6460000000002,11.538948701709943,70221.0,5875.95,135.73444500000002
V034,Petrol Van,Petrol,11,7,2196.0,259.0,21.5,86,14150.0,25900.0,598.29,11.79417122040073,40050.0,2784.25,64.31617499999999
V034,Petrol Van,Petrol,11,8,3681.0,387.7,21.5,86,14969.0,38770.0,895.587,10.532464004346645,53739.0,4167.775,96.2756025
V034,Petrol Van,Petrol,11,9,4072.0,498.4,21.5,86,15577.0,49840.0,1151.304,12.239685658153242,65417.0,5357.8,123.76518
V034,Petrol Van,Petrol,11,10,2703.0,307.3,21.5,86,14220.0,30730.0,709.863,11.368849426563079,44950.0,3303.475,76.31027250000001
V034,Petrol Van,Petrol,11,11,5232.0,656.0,21.5,86,15744.0,65600.0,1515.3600000000001,12.538226299694188,81344.0,7052.0,162.90120000000002
V034,Petrol Van,Petrol,11,12,3056.0,350.8,21.5,86,15164.0,35080.0,810.3480000000001,11.479057591623038,50244.0,3771.1,87.11241
V035,Electric Van,Electric,2,1,2951.0,761.2,22.4,83,6938.0,6850.8,540.452,25.79464588275161,13788.8,767.2896,60.530623999999996
V035,Electric Van,Electric,2,2,2845.0,643.7,22.4,83,7018.0,5793.3,457.027,22.62565905096661,12811.3,648.8496,51.187023999999994
V035,Electric Van,Electric,2,3,4521.0,1051.1,22.4,83,7518.0,9459.9,746.281,23.24928113249281,16977.9,1059.5087999999998,83.58347199999999
V035,Electric Van,Electric,2,4,4688.0,1095.8,22.4,83,7984.0,9862.199999999999,778.0179999999999,23.37457337883959,17846.199999999997,1104.5664,87.138016
V035,Electric Van,Electric,2,5,5208.0,1326.8,22.4,83,8727.0,11941.199999999999,942.0279999999999,25.476190476190474,20668.199999999997,1337.4143999999997,105.50713599999999
V035,Electric Van,Electric,2,6,4911.0,1186.8,22.4,83,8014.0,10681.199999999999,842.6279999999999,24.166157605375687,18695.199999999997,1196.2943999999998,94.37433599999999
V035,Electric Van,Electric,2,7,3934.0,919.9,22.4,83,7707.0,8279.1,653.1289999999999,23.383324860193184,15986.1,927.2592,73.15044799999998
V035,Electric Van,Electric,2,8,3871.0,878.2,22.4,83,6853.0,7903.8,623.522,22.68664427796435,14756.8,885.2256,69.834464
V035,Electric Van,Electric,2,9,3596.0,897.9,22.4,83,6790.0,8081.099999999999,637.5089999999999,24.969410456062292,14871.099999999999,905.0831999999999,71.40100799999999
V035,Electric Van,Electric,2,10,3875.0,836.4,22.4,83,7668.0,7527.599999999999,593.8439999999999,21.58451612903226,15195.599999999999,843.0912,66.51052799999998
V035,Electric Van,Electric,2,11,1791.0,384.0,22.4,83,6097.0,3456.0,272.64,21.440536013400337,9553.0,387.07199999999995,30.53568
V035,Electric Van,Electric,2,12,1816.0,459.1,22.4,83,6110.0,4131.900000000001,325.961,25.28083700440529,10241.900000000001,462.7728000000001,36.507632
V036,CNG Bus,CNG,9,1,4329.0,708.6,9.7,96,14319.0,55270.8,1948.65,16.36867636867637,69589.8,2680.6338,94.509525
V036,CNG Bus,CNG,9,2,4489.0,768.0,9.7,96,13394.0,59904.0,2112.0,17.108487413677878,73298.0,2905.3439999999996,102.43199999999999
V036,CNG Bus,CNG,9,3,3054.0,517.3,9.7,96,12740.0,40349.399999999994,1422.5749999999998,16.938441388343158,53089.399999999994,1956.9458999999997,68.99488749999999
V036,CNG Bus,CNG,9,4,3285.0,514.8,9.7,96,13412.0,40154.399999999994,1415.6999999999998,15.671232876712327,53566.399999999994,1947.4883999999997,68.66144999999999
V036,CNG Bus,CNG,9,5,5029.0,789.9,9.7,96,14634.0,61612.2,2172.225,15.70689998011533,76246.2,2988.1917,105.35291249999999
V036,CNG Bus,CNG,9,6,4656.0,719.6,9.7,96,13793.0,56128.8,1978.9,15.4553264604811,69921.8,2722.2468,95.97664999999999
V036,CNG Bus,CNG,9,7,2721.0,469.2,9.7,96,12597.0,36597.6,1290.3,17.243660418963618,49194.6,1774.9835999999998,62.57954999999999
V036,CNG Bus,CNG,9,8,1586.0,250.1,9.7,96,12283.0,19507.8,687.775,15.769230769230768,31790.8,946.1282999999999,33.3570875
V036,CNG Bus,CNG,9,9,2674.0,420.5,9.7,96,12858.0,32799.0,1156.375,15.725504861630515,45657.0,1590.7514999999999,56.0841875
V036,CNG Bus,CNG,9,10,5165.0,769.5,9.7,96,14129.0,60021.0,2116.125,14.898354307841238,74150.0,2911.0184999999997,102.63206249999999
V036,CNG Bus,CNG,9,11,2077.0,342.3,9.7,96,12712.0,26699.4,941.325,16.480500722195472,39411.4,1294.9209,45.654262499999994
V036,CNG Bus,CNG,9,12,5375.0,943.6,9.7,96,14029.0,73600.8,2594.9,17.5553488372093,87629.8,3569.6388,125.85265
V037,Hybrid Car,Hybrid,3,1,3595.0,232.8,12.0,57,7685.0,23280.0,537.768,6.47566063977747,30965.0,1396.8,32.26608
V037,Hybrid Car,Hybrid,3,2,1503.0,101.7,12.0,57,6716.0,10170.0,234.92700000000002,6.766467065868263,16886.0,610.2,14.095620000000002
V037,Hybrid Car,Hybrid,3,3,4625.0,317.5,12.0,57,9074.0,31750.0,733.4250000000001,6.864864864864866,40824.0,1905.0,44.005500000000005
V037,Hybrid Car,Hybrid,3,4,2443.0,174.1,12.0,57,7502.0,17410.0,402.171,7.126483831354891,24912.0,1044.6,24.13026
V037,Hybrid Car,Hybrid,3,5,4993.0,325.8,12.0,57,8222.0,32580.0,752.5980000000001,6.525135189264971,40802.0,1954.8,45.15588
V037,Hybrid Car,Hybrid,3,6,4129.0,269.4,12.0,57,8150.0,26939.999999999996,622.314,6.524582223298619,35090.0,1616.3999999999996,37.33884
V037,Hybrid Car,Hybrid,3,7,5274.0,330.0,12.0,57,8334.0,33000.0,762.3000000000001,6.257110352673492,41334.0,1980.0,45.738
V037,Hybrid Car,Hybrid,3,8,1937.0,129.2,12.0,57,7149.0,12919.999999999998,298.452,6.670108415074857,20069.0,775.1999999999998,17.90712
V037,Hybrid Car,Hybrid,3,9,4874.0,343.3,12.0,57,9174.0,34330.0,793.023,7.0434961017644655,43504.0,2059.8,47.581379999999996
V037,Hybrid Car,Hybrid,3,10,4955.0,324.8,12.0,57,9166.0,32480.0,750.288,6.554994954591323,41646.0,1948.8,45.01728
V037,Hybrid Car,Hybrid,3,11,2947.0,204.3,12.0,57,7537.0,20430.0,471.93300000000005,6.9324737020699025,27967.0,1225.8,28.315980000000003
V037,Hybrid Car,Hybrid,3,12,5014.0,345.3,12.0,57,9082.0,34530.0,797.643,6.886717191862784,43612.0,2071.8,47.85858
V038,Petrol Van,Petrol,5,1,2020.0,231.8,13.4,51,8556.0,23180.0,535.4580000000001,11.475247524752476,31736.0,1553.06,35.875686
V038,Petrol Van,Petrol,5,2,2741.0,332.1,13.4,51,9555.0,33210.0,767.1510000000001,12.116016052535572,42765.0,2225.07,51.399117000000004
V038,Petrol Van,Petrol,5,3,4490.0,475.4,13.4,51,10251.0,47540.0,1098.174,10.587973273942094,57791.0,3185.18,73.577658
V038,Petrol Van,Petrol,5,4,5291.0,577.3,13.4,51,11430.0,57729.99999999999,1333.5629999999999,10.910980910980909,69160.0,3867.9099999999994,89.34872099999998
V038,Petrol Van,Petrol,5,5,4920.0,571.4,13.4,51,10407.0,57140.0,1319.934,11.613821138211382,67547.0,3828.38,88.435578
V038,Petrol Van,Petrol,5,6,4626.0,574.7,13.4,51,10798.0,57470.00000000001,1327.5570000000002,12.4232598357112,68268.0,3850.4900000000007,88.94631900000002
V038,Petrol Van,Petrol,5,7,5314.0,581.4,13.4,51,10669.0,58140.0,1343.0339999999999,10.940910801656003,68809.0,3895.38,89.98327799999998
V038,Petrol Van,Petrol,5,8,4744.0,504.2,13.4,51,10021.0,50420.0,1164.702,10.628161888701518,60441.0,3378.14,78.03503400000001
V038,Petrol Van,Petrol,5,9,4319.0,518.2,13.4,51,10301.0,51820.00000000001,1197.0420000000001,11.998147719379487,62121.00000000001,3471.9400000000005,80.20181400000001
V038,Petrol Van,Petrol,5,10,3043.0,356.2,13.4,51,8980.0,35620.0,822.822,11.705553729871838,44600.0,2386.54,55.129074
V038,Petrol Van,Petrol,5,11,2783.0,306.6,13.4,51,8841.0,30660.000000000004,708.2460000000001,11.016888250089831,39501.0,2054.2200000000003,47.45248200000001
V038,Petrol Van,Petrol,5,12,2765.0,305.5,13.4,51,9443.0,30550.0,705.705,11.04882459312839,39993.0,2046.85,47.282235
V039,Diesel Truck,Diesel,12,1,4269.0,1548.4,6.1,71,17021.0,142452.80000000002,4149.712,36.270789412040294,159473.80000000002,4344.8104,126.566216
V039,Diesel Truck,Diesel,12,2,3121.0,1077.6,6.1,71,15758.0,99139.2,2887.968,34.527395065684075,114897.2,3023.7456,88.08302399999998
V039,Diesel Truck,Diesel,12,3,2617.0,894.3,6.1,71,15075.0,82275.59999999999,2396.724,34.17271685135652,97350.59999999999,2509.4057999999995,73.100082
V039,Diesel Truck,Diesel,12,4,2516.0,882.9,6.1,71,15550.0,81226.8,2366.172,35.09141494435612,96776.8,2477.4174,72.168246
V039,Diesel Truck,Diesel,12,5,5380.0,1868.3,6.1,71,17069.0,171883.6,5007.044,34.726765799256505,188952.6,5242.449799999999,152.71484199999998
V039,Diesel Truck,Diesel,12,6,4650.0,1552.9,6.1,71,16260.0,142866.80000000002,4161.772000000001,33.395698924731185,159126.80000000002,4357.437400000001,126.93404600000002
V039,Diesel Truck,Diesel,12,7,4319.0,1347.4,6.1,71,17126.0,123960.8,3611.0320000000006,31.197036351007178,141086.8,3780.8044,110.13647600000002
V039,Diesel Truck,Diesel,12,8,2751.0,1037.0,6.1,71,15776.0,95404.0,2779.1600000000003,37.69538349691021,111180.0,2909.822,84.76438
V039,Diesel Truck,Diesel,12,9,2359.0,828.5,6.1,71,15002.0,76222.0,2220.38,35.120813904196694,91224.0,2324.7709999999997,67.72158999999999
V039,Diesel Truck,Diesel,12,10,4054.0,1519.7,6.1,71,15932.0,139812.4,4072.7960000000003,37.48643315244203,155744.4,4264.2782,124.220278
V039,Diesel Truck,Diesel,12,11,3775.0,1374.7,6.1,71,16550.0,126472.40000000001,3684.1960000000004,36.4158940397351,143022.40000000002,3857.4082,112.36797800000001
V039,Diesel Truck,Diesel,12,12,2465.0,857.9,6.1,71,15344.0,78926.8,2299.172,34.80324543610547,94270.8,2407.2673999999997,70.124746
V040,Petrol Van,Petrol,8,1,5281.0,604.0,21.1,69,14066.0,60400.0,1395.24,11.437227797765575,74466.0,6372.2,147.19782
V040,Petrol Van,Petrol,8,2,3002.0,403.5,21.1,69,11820.0,40350.0,932.085,13.44103930712858,52170.0,4256.925,98.3349675
V040,Petrol Van,Petrol,8,3,4125.0,496.9,21.1,69,12877.0,49690.0,1147.839,12.046060606060607,62567.0,5242.295000000001,121.0970145
V040,Petrol Van,Petrol,8,4,5177.0,561.0,21.1,69,13461.0,56100.0,1295.91,10.836391732663705,69561.0,5918.55,136.71850500000002
V040,Petrol Van,Petrol,8,5,4151.0,480.3,21.1,69,12800.0,48030.0,1109.4930000000002,11.570705854011083,60830.0,5067.165000000001,117.05151150000003
V040,Petrol Van,Petrol,8,6,2424.0,267.5,21.1,69,11572.0,26750.0,617.9250000000001,11.035478547854785,38322.0,2822.125,65.19108750000001
V040,Petrol Van,Petrol,8,7,3231.0,373.2,21.1,69,11910.0,37320.0,862.092,11.550603528319407,49230.0,3937.26,90.95070600000001
V040,Petrol Van,Petrol,8,8,4869.0,586.2,21.1,69,13214.0,58620.00000000001,1354.122,12.03943314849045,71834.0,6184.410000000001,142.85987100000003
V040,Petrol Van,Petrol,8,9,4699.0,543.6,21.1,69,13071.0,54360.0,1255.7160000000001,11.5684188125133,67431.0,5734.98,132.47803800000003
V040,Petrol Van,Petrol,8,10,1933.0,248.7,21.1,69,11599.0,24870.0,574.497,12.866011381272632,36469.0,2623.785,60.609433499999994
V040,Petrol Van,Petrol,8,11,5254.0,563.3,21.1,69,14019.0,56329.99999999999,1301.223,10.721355157974875,70349.0,5942.815,137.2790265
V040,Petrol Van,Petrol,8,12,1994.0,233.1,21.1,69,11549.0,23310.0,538.461,11.690070210631895,34859.0,2459.2050000000004,56.8076355
V041,CNG Bus,CNG,5,1,2860.0,466.1,3.0,69,9481.0,36355.8,1281.775,16.297202797202797,45836.8,545.337,19.226625000000002
V041,CNG Bus,CNG,5,2,1616.0,257.8,3.0,69,8403.0,20108.4,708.95,15.952970297029703,28511.4,301.62600000000003,10.634250000000002
V041,CNG Bus,CNG,5,3,2819.0,401.1,3.0,69,9383.0,31285.800000000003,1103.025,14.228449804895355,40668.8,469.28700000000003,16.545375
V041,CNG Bus,CNG,5,4,5044.0,728.6,3.0,69,10378.0,56830.8,2003.65,14.444885011895323,67208.8,852.4620000000001,30.054750000000002
V041,CNG Bus,CNG,5,5,4107.0,600.0,3.0,69,10449.0,46800.0,1650.0,14.609203798392986,57249.0,702.0,24.75
V041,CNG Bus,CNG,5,6,2631.0,433.6,3.0,69,9107.0,33820.8,1192.4,16.480425693652602,42927.8,507.31200000000007,17.886000000000003
V041,CNG Bus,CNG,5,7,1938.0,327.3,3.0,69,9006.0,25529.4,900.075,16.888544891640866,34535.4,382.94100000000003,13.501125000000002
V041,CNG Bus,CNG,5,8,4937.0,784.0,3.0,69,10031.0,61152.0,2156.0,15.880089122949158,71183.0,917.28,32.34
V041,CNG Bus,CNG,5,9,2652.0,444.8,3.0,69,8969.0,34694.4,1223.2,16.772247360482655,43663.4,520.416,18.348000000000003
V041,CNG Bus,CNG,5,10,4404.0,696.2,3.0,69,10455.0,54303.600000000006,1914.5500000000002,15.80835603996367,64758.600000000006,814.5540000000001,28.71825
V041,CNG Bus,CNG,5,11,5444.0,838.1,3.0,69,10628.0,65371.8,2304.775,15.394930198383541,75999.8,980.5770000000001,34.571625000000004
V041,CNG Bus,CNG,5,12,4101.0,666.0,3.0,69,9917.0,51948.0,1831.5,16.23994147768837,61865.0,779.22,27.4725
V042,Diesel Truck,Diesel,1,1,5225.0,1754.6,21.7,65,7674.0,161423.19999999998,4702.328,33.58086124401914,169097.19999999998,17514.417199999996,510.20258800000005
V042,Diesel Truck,Diesel,1,2,3507.0,1233.7,21.7,65,5759.0,113500.40000000001,3306.3160000000003,35.17821499857428,119259.40000000001,12314.7934,358.73528600000003
V042,Diesel Truck,Diesel,1,3,4806.0,1627.6,21.7,65,6700.0,149739.19999999998,4361.968,33.86600083229296,156439.19999999998,16246.703199999998,473.27352799999994
V042,Diesel Truck,Diesel,1,4,5154.0,1850.6,21.7,65,6692.0,170255.19999999998,4959.608,35.906092355452074,176947.19999999998,18472.689199999997,538.117468
V042,Diesel Truck,Diesel,1,5,2632.0,909.9,21.7,65,5600.0,83710.8,2438.532,34.57066869300912,89310.8,9082.6218,264.58072200000004
V042,Diesel Truck,Diesel,1,6,2571.0,822.2,21.7,65,5256.0,75642.40000000001,2203.496,31.979774406845586,80898.40000000001,8207.2004,239.079316
V042,Diesel Truck,Diesel,1,7,4063.0,1380.3,21.7,65,6732.0,126987.59999999999,3699.204,33.9724341619493,133719.59999999998,13778.1546,401.36363400000005
V042,Diesel Truck,Diesel,1,8,4740.0,1638.9,21.7,65,7034.0,150778.80000000002,4392.252,34.57594936708861,157812.80000000002,16359.499800000001,476.559342
V042,Diesel Truck,Diesel,1,9,4583.0,1481.4,21.7,65,6639.0,136288.80000000002,3970.1520000000005,32.323805367663105,142927.80000000002,14787.334800000002,430.7614920000001
V042,Diesel Truck,Diesel,1,10,4174.0,1442.5,21.7,65,6618.0,132710.0,3865.9,34.55917585050312,139328.0,14399.035,419.45015
V042,Diesel Truck,Diesel,1,11,3451.0,1215.9,21.7,65,5927.0,111862.8,3258.6120000000005,35.233265720081135,117789.8,12137.1138,353.55940200000003
V042,Diesel Truck,Diesel,1,12,3684.0,1198.8,21.7,65,5924.0,110289.59999999999,3212.784,32.54071661237785,116213.59999999999,11966.4216,348.58706400000005
V043,Petrol Van,Petrol,10,1,3581.0,443.1,18.4,69,13875.0,44310.0,1023.561,12.37363864842223,58185.0,4076.5199999999995,94.16761199999999
V043,Petrol Van,Petrol,10,2,1525.0,173.0,18.4,69,12987.0,17300.0,399.63,11.344262295081966,30287.0,1591.6,36.76595999999999
V043,Petrol Van,Petrol,10,3,4626.0,556.4,18.4,69,14976.0,55640.0,1285.2839999999999,12.027669693039341,70616.0,5118.879999999999,118.24612799999997
V043,Petrol Van,Petrol,10,4,3021.0,379.5,18.4,69,14229.0,37950.0,876.645,12.56206554121152,52179.0,3491.4,80.65133999999999
V043,Petrol Van,Petrol,10,5,2058.0,259.1,18.4,69,13154.0,25910.000000000004,598.5210000000001,12.589893100097182,39064.0,2383.7200000000003,55.063932
V043,Petrol Van,Petrol,10,6,4419.0,515.6,18.4,69,14994.0,51560.0,1191.036,11.667798144376556,66554.0,4743.5199999999995,109.575312
V043,Petrol Van,Petrol,10,7,4097.0,476.6,18.4,69,15194.0,47660.0,1100.9460000000001,11.632902123505003,62854.0,4384.719999999999,101.287032
V043,Petrol Van,Petrol,10,8,5109.0,593.6,18.4,69,15756.0,59360.0,1371.2160000000001,11.618712076727345,75116.0,5461.12,126.151872
V043,Petrol Van,Petrol,10,9,4516.0,544.3,18.4,69,14551.0,54429.99999999999,1257.3329999999999,12.052701505757305,68981.0,5007.559999999999,115.67463599999998
V043,Petrol Van,Petrol,10,10,4515.0,464.9,18.4,69,15178.0,46490.0,1073.9189999999999,10.296788482834994,61668.0,4277.079999999999,98.80054799999998
V043,Petrol Van,Petrol,10,11,2230.0,256.9,18.4,69,13650.0,25689.999999999996,593.439,11.520179372197308,39340.0,2363.4799999999996,54.59638799999999
V043,Petrol Van,Petrol,10,12,4670.0,540.1,18.4,69,15290.0,54010.0,1247.631,11.565310492505354,69300.0,4968.919999999999,114.78205200000001
V044,Petrol Van,Petrol,3,1,5305.0,549.8,15.5,75,9784.0,54979.99999999999,1270.038,10.363807728557964,64763.99999999999,4260.95,98.427945
V044,Petrol Van,Petrol,3,2,4090.0,427.5,15.5,75,8886.0,42750.0,987.525,10.452322738386307,51636.0,3313.125,76.5331875
V044,Petrol Van,Petrol,3,3,5368.0,520.2,15.5,75,9411.0,52020.00000000001,1201.662,9.69076005961252,61431.00000000001,4031.5500000000006,93.12880500000001
V044,Petrol Van,Petrol,3,4,5303.0,584.2,15.5,75,8685.0,58420.00000000001,1349.5020000000002,11.01640580803319,67105.0,4527.55,104.58640500000001
V044,Petrol Van,Petrol,3,5,4526.0,493.9,15.5,75,8936.0,49390.0,1140.9089999999999,10.912505523641183,58326.0,3827.725,88.4204475
V044,Petrol Van,Petrol,3,6,3477.0,387.9,15.5,75,7864.0,38790.0,896.049,11.156169111302846,46654.0,3006.225,69.4437975
V044,Petrol Van,Petrol,3,7,2736.0,294.8,15.5,75,7129.0,29480.0,680.988,10.774853801169591,36609.0,2284.7,52.77657
V044,Petrol Van,Petrol,3,8,1990.0,206.1,15.5,75,6744.0,20610.0,476.091,10.356783919597989,27354.0,1597.275,36.8970525
V044,Petrol Van,Petrol,3,9,5105.0,526.8,15.5,75,8578.0,52679.99999999999,1216.908,10.319294809010774,61257.99999999999,4082.6999999999994,94.31036999999998
V044,Petrol Van,Petrol,3,10,4314.0,469.9,15.5,75,8610.0,46990.0,1085.469,10.89244320815948,55600.0,3641.725,84.12384750000001
V044,Petrol Van,Petrol,3,11,2634.0,256.0,15.5,75,7095.0,25600.0,591.36,9.719058466211086,32695.0,1984.0,45.8304
V044,Petrol Van,Petrol,3,12,5204.0,553.0,15.5,75,9155.0,55300.0,1277.43,10.626441199077632,64455.0,4285.75,99.000825
V045,Hybrid Car,Hybrid,11,1,2367.0,163.0,19.6,64,14130.0,16300.0,376.53000000000003,6.886354034643008,30430.0,1597.4,36.89994000000001
V045,Hybrid Car,Hybrid,11,2,1615.0,124.0,19.6,64,13696.0,12400.0,286.44,7.678018575851393,26096.0,1215.2,28.07112
V045,Hybrid Car,Hybrid,11,3,3835.0,332.1,19.6,64,15498.0,33210.0,767.1510000000001,8.659713168187745,48708.0,3254.58,75.18079800000001
V045,Hybrid Car,Hybrid,11,4,3034.0,216.8,19.6,64,14673.0,21680.0,500.80800000000005,7.145682267633488,36353.0,2124.6400000000003,49.079184000000005
V045,Hybrid Car,Hybrid,11,5,4356.0,333.1,19.6,64,15129.0,33310.0,769.4610000000001,7.64692378328742,48439.0,3264.38,75.40717800000002
V045,Hybrid Car,Hybrid,11,6,5060.0,386.0,19.6,64,16032.0,38600.0,891.66,7.628458498023716,54632.0,3782.8,87.38268
V045,Hybrid Car,Hybrid,11,7,3944.0,288.8,19.6,64,15562.0,28880.0,667.128,7.322515212981745,44442.0,2830.24,65.378544
V045,Hybrid Car,Hybrid,11,8,2633.0,196.2,19.6,64,14726.0,19620.0,453.222,7.451576148879605,34346.0,1922.76,44.415756
V045,Hybrid Car,Hybrid,11,9,2020.0,167.9,19.6,64,14148.0,16790.0,387.84900000000005,8.311881188118813,30938.0,1645.42,38.00920200000001
V045,Hybrid Car,Hybrid,11,10,3032.0,223.7,19.6,64,14964.0,22370.0,516.747,7.37796833773087,37334.0,2192.26,50.641206000000004
V045,Hybrid Car,Hybrid,11,11,3057.0,242.0,19.6,64,14589.0,24200.0,559.02,7.916257769054629,38789.0,2371.6000000000004,54.78396000000001
V045,Hybrid Car,Hybrid,11,12,2799.0,213.8,19.6,64,15021.0,21380.0,493.87800000000004,7.638442300821723,36401.0,2095.2400000000002,48.40004400000001
V046,Hybrid Car,Hybrid,2,1,5294.0,337.8,7.1,68,7691.0,33780.0,780.3180000000001,6.380808462410275,41471.0,1199.19,27.701289000000003
V046,Hybrid Car,Hybrid,2,2,4909.0,314.9,7.1,68,7212.0,31489.999999999996,727.419,6.41474842126706,38702.0,1117.8949999999998,25.8233745
V046,Hybrid Car,Hybrid,2,3,5093.0,321.6,7.1,68,8045.0,32160.000000000004,742.8960000000001,6.314549381504025,40205.0,1141.68,26.372808
V046,Hybrid Car,Hybrid,2,4,2145.0,141.6,7.1,68,6002.0,14160.0,327.096,6.601398601398602,20162.0,502.68,11.611907999999998
V046,Hybrid Car,Hybrid,2,5,3469.0,196.7,7.1,68,6743.0,19670.0,454.377,5.670221965984433,26413.0,698.285,16.1303835
V046,Hybrid Car,Hybrid,2,6,2771.0,169.1,7.1,68,6274.0,16910.0,390.621,6.102490075784915,23184.0,600.305,13.8670455
V046,Hybrid Car,Hybrid,2,7,1729.0,99.1,7.1,68,5894.0,9910.0,228.921,5.731636784268363,15804.0,351.805,8.1266955
V046,Hybrid Car,Hybrid,2,8,1684.0,109.1,7.1,68,5784.0,10910.0,252.021,6.4786223277909745,16694.0,387.305,8.946745499999999
V046,Hybrid Car,Hybrid,2,9,5097.0,297.6,7.1,68,7776.0,29760.000000000004,687.456,5.838728663919953,37536.0,1056.4800000000002,24.404688
V046,Hybrid Car,Hybrid,2,10,2748.0,166.8,7.1,68,6445.0,16680.0,385.30800000000005,6.069868995633188,23125.0,592.14,13.678434000000003
V046,Hybrid Car,Hybrid,2,11,5073.0,300.5,7.1,68,7729.0,30050.0,694.155,5.923516656810566,37779.0,1066.775,24.642502499999996
V046,Hybrid Car,Hybrid,2,12,3251.0,205.4,7.1,68,6494.0,20540.0,474.47400000000005,6.318055982774531,27034.0,729.17,16.843827
V047,CNG Bus,CNG,6,1,4078.0,658.7,11.3,97,10645.0,51378.600000000006,1811.4250000000002,16.152525747915647,62023.600000000006,2902.8909000000003,102.34551250000003
V047,CNG Bus,CNG,6,2,2112.0,329.6,11.3,97,10046.0,25708.800000000003,906.4000000000001,15.606060606060607,35754.8,1452.5472000000002,51.211600000000004
V047,CNG Bus,CNG,6,3,2824.0,438.6,11.3,97,10102.0,34210.8,1206.15,15.53116147308782,44312.8,1932.9102000000003,68.14747500000001
V047,CNG Bus,CNG,6,4,4788.0,813.5,11.3,97,11492.0,63453.0,2237.125,16.990392648287386,74945.0,3585.0945,126.3975625
V047,CNG Bus,CNG,6,5,2888.0,478.5,11.3,97,10088.0,37323.0,1315.875,16.568559556786703,47411.0,2108.7495,74.34693750000001
V047,CNG Bus,CNG,6,6,3965.0,634.7,11.3,97,10536.0,49506.600000000006,1745.4250000000002,16.007566204287514,60042.600000000006,2797.1229000000003,98.61651250000001
V047,CNG Bus,CNG,6,7,5112.0,791.1,11.3,97,11957.0,61705.8,2175.525,15.475352112676058,73662.8,3486.3777,122.91716250000002
V047,CNG Bus,CNG,6,8,2975.0,505.2,11.3,97,9877.0,39405.6,1389.3,16.981512605042013,49282.6,2226.4164,78.49545
V047,CNG Bus,CNG,6,9,4485.0,716.9,11.3,97,11621.0,55918.2,1971.475,15.984392419175029,67539.2,3159.3783000000003,111.38833749999999
V047,CNG Bus,CNG,6,10,4250.0,702.5,11.3,97,10504.0,54795.0,1931.875,16.52941176470588,65299.0,3095.9175,109.1509375
V047,CNG Bus,CNG,6,11,1713.0,269.9,11.3,97,9640.0,21052.199999999997,742.2249999999999,15.755983654407471,30692.199999999997,1189.4493,41.9357125
V047,CNG Bus,CNG,6,12,4195.0,548.8,11.3,97,11217.0,42806.399999999994,1509.1999999999998,13.082240762812871,54023.399999999994,2418.5615999999995,85.26979999999999
V048,Electric Van,Electric,1,1,2812.0,534.3,3.9,89,6000.0,4808.7,379.35299999999995,19.000711237553343,10808.7,93.76965,7.397383499999998
V048,Electric Van,Electric,1,2,1732.0,347.7,3.9,89,5239.0,3129.2999999999997,246.867,20.075057736720552,8368.3,61.02134999999999,4.8139065
V048,Electric Van,Electric,1,3,5018.0,1020.8,3.9,89,6756.0,9187.199999999999,724.7679999999999,20.342766042247906,15943.199999999999,179.15039999999996,14.132976
V048,Electric Van,Electric,1,4,3420.0,674.1,3.9,89,5670.0,6066.900000000001,478.611,19.710526315789476,11736.900000000001,118.30455,9.3329145
V048,Electric Van,Electric,1,5,3707.0,756.5,3.9,89,6342.0,6808.5,537.115,20.40733746965201,13150.5,132.76575,10.4737425
V048,Electric Van,Electric,1,6,3651.0,736.5,3.9,89,6398.0,6628.5,522.915,20.172555464256366,13026.5,129.25574999999998,10.196842499999999
V048,Electric Van,Electric,1,7,3805.0,752.7,3.9,89,6797.0,6774.3,534.417,19.78186596583443,13571.3,132.09885,10.421131500000001
V048,Electric Van,Electric,1,8,4981.0,1067.4,3.9,89,7268.0,9606.6,757.854,21.429431840995786,16874.6,187.3287,14.778153
V048,Electric Van,Electric,1,9,5100.0,1081.3,3.9,89,7611.0,9731.699999999999,767.723,21.201960784313727,17342.699999999997,189.76815,14.9705985
V048,Electric Van,Electric,1,10,3324.0,793.2,3.9,89,6292.0,7138.8,563.172,23.862815884476536,13430.8,139.2066,10.981854
V048,Electric Van,Electric,1,11,2120.0,487.8,3.9,89,5168.0,4390.2,346.33799999999997,23.00943396226415,9558.2,85.60889999999999,6.753590999999999
V048,Electric Van,Electric,1,12,4916.0,1161.9,3.9,89,6988.0,10457.1,824.9490000000001,23.635069161920264,17445.1,203.91345,16.0865055
V049,Petrol Van,Petrol,11,1,2281.0,248.8,13.3,72,14393.0,24880.0,574.7280000000001,10.907496711968436,39273.0,1654.52,38.219412000000005
V049,Petrol Van,Petrol,11,2,3796.0,449.6,13.3,72,15650.0,44960.0,1038.576,11.84404636459431,60610.0,2989.84,69.06530400000001
V049,Petrol Van,Petrol,11,3,5352.0,613.9,13.3,72,15992.0,61390.0,1418.109,11.470478325859492,77382.0,4082.435,94.3042485
V049,Petrol Van,Petrol,11,4,3570.0,440.9,13.3,72,15401.0,44090.0,1018.4789999999999,12.35014005602241,59491.0,2931.985,67.7288535
V049,Petrol Van,Petrol,11,5,3414.0,404.7,13.3,72,15243.0,40470.0,934.857,11.854130052724077,55713.0,2691.255,62.1679905
V049,Petrol Van,Petrol,11,6,5443.0,559.1,13.3,72,16749.0,55910.0,1291.5210000000002,10.271908873782841,72659.0,3718.015,85.88614650000001
V049,Petrol Van,Petrol,11,7,3604.0,424.8,13.3,72,15603.0,42480.0,981.288,11.786903440621533,58083.0,2824.92,65.255652
V049,Petrol Van,Petrol,11,8,3981.0,451.6,13.3,72,15415.0,45160.0,1043.1960000000001,11.34388344637026,60575.0,3003.14,69.37253400000002
V049,Petrol Van,Petrol,11,9,4926.0,604.4,13.3,72,15734.0,60440.0,1396.164,12.26958993097848,76174.0,4019.26,92.84490600000001
V049,Petrol Van,Petrol,11,10,4886.0,559.0,13.3,72,15691.0,55900.0,1291.29,11.440851412198116,71591.0,3717.35,85.870785
V049,Petrol Van,Petrol,11,11,4537.0,523.6,13.3,72,15128.0,52360.0,1209.516,11.54066563808684,67488.0,3481.94,80.43281400000001
V049,Petrol Van,Petrol,11,12,4634.0,563.8,13.3,72,15774.0,56379.99999999999,1302.378,12.166594734570564,72154.0,3749.27,86.608137
V050,Hybrid Car,Hybrid,7,1,3998.0,244.1,15.1,83,11735.0,24410.0,563.871,6.105552776388194,36145.0,1842.955,42.57226049999999
V050,Hybrid Car,Hybrid,7,2,1626.0,109.0,15.1,83,10522.0,10900.0,251.79,6.703567035670356,21422.0,822.95,19.010145
V050,Hybrid Car,Hybrid,7,3,4620.0,291.1,15.1,83,12651.0,29110.000000000004,672.441,6.300865800865801,41761.0,2197.8050000000003,50.7692955
V050,Hybrid Car,Hybrid,7,4,3444.0,227.3,15.1,83,11209.0,22730.0,525.063,6.5998838559814175,33939.0,1716.115,39.6422565
V050,Hybrid Car,Hybrid,7,5,4672.0,309.8,15.1,83,11999.0,30980.0,715.638,6.630993150684931,42979.0,2338.99,54.030668999999996
V050,Hybrid Car,Hybrid,7,6,4090.0,277.7,15.1,83,11880.0,27770.0,641.487,6.789731051344742,39650.0,2096.635,48.4322685
V050,Hybrid Car,Hybrid,7,7,3235.0,212.1,15.1,83,10948.0,21210.0,489.951,6.556414219474497,32158.0,1601.355,36.9913005
V050,Hybrid Car,Hybrid,7,8,2786.0,189.7,15.1,83,10773.0,18970.0,438.207,6.809045226130653,29743.0,1432.235,33.0846285
V050,Hybrid Car,Hybrid,7,9,2882.0,197.3,15.1,83,10949.0,19730.0,455.76300000000003,6.845940319222763,30679.0,1489.615,34.410106500000005
V050,Hybrid Car,Hybrid,7,10,4817.0,321.6,15.1,83,12731.0,32160.000000000004,742.8960000000001,6.676354577537887,44891.0,2428.0800000000004,56.088648000000006
V050,Hybrid Car,Hybrid,7,11,3866.0,276.4,15.1,83,11545.0,27639.999999999996,638.4839999999999,7.1495085359544746,39185.0,2086.8199999999997,48.205541999999994
V050,Hybrid Car,Hybrid,7,12,4408.0,298.1,15.1,83,12112.0,29810.000000000004,688.6110000000001,6.762704174228676,41922.0,2250.655,51.99013050000001
V051,Hybrid Car,Hybrid,10,1,3117.0,213.5,17.0,80,13922.0,21350.0,493.185,6.849534809111326,35272.0,1814.75,41.920725000000004
V051,Hybrid Car,Hybrid,10,2,4219.0,304.1,17.0,80,14265.0,30410.000000000004,702.4710000000001,7.207869163308842,44675.0,2584.8500000000004,59.710035000000005
V051,Hybrid Car,Hybrid,10,3,4083.0,267.2,17.0,80,14395.0,26720.0,617.232,6.544207690423708,41115.0,2271.2,52.46472
V051,Hybrid Car,Hybrid,10,4,2771.0,197.9,17.0,80,13677.0,19790.0,457.149,7.141826055575605,33467.0,1682.15,38.857665000000004
V051,Hybrid Car,Hybrid,10,5,4897.0,301.4,17.0,80,15340.0,30139.999999999996,696.2339999999999,6.154788646109862,45480.0,2561.8999999999996,59.17988999999999
V051,Hybrid Car,Hybrid,10,6,5179.0,357.6,17.0,80,15036.0,35760.0,826.056,6.90480787796872,50796.0,3039.6,70.21476000000001
V051,Hybrid Car,Hybrid,10,7,3139.0,236.4,17.0,80,13636.0,23640.0,546.0840000000001,7.531060847403633,37276.0,2009.4,46.41714000000001
V051,Hybrid Car,Hybrid,10,8,3640.0,258.3,17.0,80,14672.0,25830.0,596.673,7.096153846153847,40502.0,2195.55,50.71720500000001
V051,Hybrid Car,Hybrid,10,9,4306.0,300.8,17.0,80,14800.0,30080.0,694.8480000000001,6.985601486298189,44880.0,2556.8,59.06208000000001
V051,Hybrid Car,Hybrid,10,10,4565.0,332.3,17.0,80,15318.0,33230.0,767.613,7.279299014238773,48548.0,2824.55,65.247105
V051,Hybrid Car,Hybrid,10,11,2423.0,178.0,17.0,80,13793.0,17800.0,411.18,7.346264960792406,31593.0,1513.0,34.9503
V051,Hybrid Car,Hybrid,10,12,4805.0,316.4,17.0,80,14808.0,31639.999999999996,730.884,6.58480749219563,46448.0,2689.3999999999996,62.12514
V052,Petrol Van,Petrol,7,1,4131.0,513.0,17.2,68,11979.0,51300.0,1185.03,12.418300653594772,63279.0,4411.8,101.91257999999999
V052,Petrol Van,Petrol,7,2,4896.0,581.5,17.2,68,12375.0,58150.0,1343.265,11.87704248366013,70525.0,5000.9,115.52078999999999
V052,Petrol Van,Petrol,7,3,3159.0,335.6,17.2,68,11017.0,33560.0,775.2360000000001,10.623615068059514,44577.0,2886.16,66.67029600000001
V052,Petrol Van,Petrol,7,4,3289.0,345.5,17.2,68,11127.0,34550.0,798.105,10.504712678625722,45677.0,2971.3,68.63703
V052,Petrol Van,Petrol,7,5,3508.0,395.2,17.2,68,11597.0,39520.0,912.912,11.265678449258838,51117.0,3398.72,78.510432
V052,Petrol Van,Petrol,7,6,3582.0,439.0,17.2,68,11792.0,43900.0,1014.09,12.255723059743161,55692.0,3775.4,87.21173999999999
V052,Petrol Van,Petrol,7,7,2106.0,254.8,17.2,68,10525.0,25480.0,588.5880000000001,12.098765432098766,36005.0,2191.28,50.618568
V052,Petrol Van,Petrol,7,8,3394.0,397.0,17.2,68,11279.0,39700.0,917.07,11.69711255156158,50979.0,3414.2,78.86802
V052,Petrol Van,Petrol,7,9,4741.0,502.1,17.2,68,11999.0,50210.0,1159.851,10.590592701961613,62209.0,4318.06,99.747186
V052,Petrol Van,Petrol,7,10,2987.0,351.0,17.2,68,11268.0,35100.0,810.8100000000001,11.750920656176767,46368.0,3018.6,69.72966000000001
V052,Petrol Van,Petrol,7,11,5335.0,572.2,17.2,68,13121.0,57220.00000000001,1321.7820000000002,10.725398313027181,70341.0,4920.920000000001,113.673252
V052,Petrol Van,Petrol,7,12,5228.0,574.4,17.2,68,11847.0,57440.0,1326.864,10.98699311400153,69287.0,4939.84,114.110304
V053,Petrol Van,Petrol,10,1,2016.0,236.5,14.5,58,13556.0,23650.0,546.315,11.731150793650794,37206.0,1714.625,39.6078375
V053,Petrol Van,Petrol,10,2,3726.0,426.2,14.5,58,14888.0,42620.0,984.522,11.438539989264626,57508.0,3089.95,71.37784500000001
V053,Petrol Van,Petrol,10,3,2711.0,326.3,14.5,58,14078.0,32630.0,753.753,12.036149022500922,46708.0,2365.675,54.6470925
V053,Petrol Van,Petrol,10,4,3590.0,444.3,14.5,58,14168.0,44430.0,1026.333,12.376044568245126,58598.0,3221.175,74.4091425
V053,Petrol Van,Petrol,10,5,5219.0,640.8,14.5,58,15015.0,64079.99999999999,1480.2479999999998,12.278214217283004,79095.0,4645.799999999999,107.31797999999999
V053,Petrol Van,Petrol,10,6,4220.0,511.4,14.5,58,14215.0,51140.0,1181.334,12.118483412322274,65355.0,3707.65,85.646715
V053,Petrol Van,Petrol,10,7,4849.0,545.0,14.5,58,15168.0,54500.0,1258.95,11.239430810476387,69668.0,3951.25,91.273875
V053,Petrol Van,Petrol,10,8,5466.0,673.1,14.5,58,15507.0,67310.0,1554.861,12.314306622758874,82817.0,4879.975,112.72742250000002
V053,Petrol Van,Petrol,10,9,4710.0,563.3,14.5,58,14991.0,56329.99999999999,1301.223,11.959660297239914,71321.0,4083.9249999999993,94.33866749999999
V053,Petrol Van,Petrol,10,10,3352.0,408.3,14.5,58,13615.0,40830.0,943.173,12.180787589498806,54445.0,2960.175,68.3800425
V053,Petrol Van,Petrol,10,11,3155.0,368.3,14.5,58,14071.0,36830.0,850.773,11.673534072900159,50901.0,2670.175,61.681042500000004
V053,Petrol Van,Petrol,10,12,2998.0,352.6,14.5,58,14158.0,35260.0,814.5060000000001,11.761174116077386,49418.0,2556.35,59.051685000000006
V054,Petrol Van,Petrol,2,1,3082.0,320.5,26.2,80,6352.0,32050.0,740.355,10.399091499026607,38402.0,4198.55,96.986505
V054,Petrol Van,Petrol,2,2,4169.0,426.9,26.2,80,7801.0,42690.0,986.139,10.239865675221875,50491.0,5592.39,129.18420899999998
V054,Petrol Van,Petrol,2,3,3188.0,360.3,26.2,80,6468.0,36030.0,832.293,11.301756587202009,42498.0,4719.93,109.030383
V054,Petrol Van,Petrol,2,4,2118.0,210.4,26.2,80,5938.0,21040.0,486.024,9.933899905571295,26978.0,2756.24,63.669143999999996
V054,Petrol Van,Petrol,2,5,3069.0,312.1,26.2,80,7020.0,31210.000000000004,720.951,10.169436298468558,38230.0,4088.5100000000007,94.444581
V054,Petrol Van,Petrol,2,6,4293.0,456.4,26.2,80,7054.0,45640.0,1054.2839999999999,10.631260191008618,52694.0,5978.84,138.111204
V054,Petrol Van,Petrol,2,7,1777.0,179.2,26.2,80,6137.0,17920.0,413.952,10.08441193021947,24057.0,2347.52,54.227712000000004
V054,Petrol Van,Petrol,2,8,5457.0,603.9,26.2,80,8887.0,60390.0,1395.009,11.066520065970312,69277.0,7911.09,182.746179
V054,Petrol Van,Petrol,2,9,2456.0,277.7,26.2,80,6134.0,27770.0,641.487,11.30700325732899,33904.0,3637.87,84.034797
V054,Petrol Van,Petrol,2,10,5414.0,599.0,26.2,80,7656.0,59900.0,1383.69,11.06390838566679,67556.0,7846.9,181.26339
V054,Petrol Van,Petrol,2,11,3773.0,406.0,26.2,80,7652.0,40600.0,937.86,10.760667903525047,48252.0,5318.6,122.85966
V054,Petrol Van,Petrol,2,12,3772.0,388.1,26.2,80,7326.0,38810.0,896.5110000000001,10.28897136797455,46136.0,5084.11,117.442941
V055,Diesel Truck,Diesel,7,1,2164.0,838.1,24.9,42,10357.0,77105.2,2246.108,38.72920517560074,87462.2,9599.597399999999,279.640446
V055,Diesel Truck,Diesel,7,2,3897.0,1567.2,24.9,42,12142.0,144182.4,4200.0960000000005,40.21555042340262,156324.4,17950.7088,522.911952
V055,Diesel Truck,Diesel,7,3,4699.0,1697.7,24.9,42,12750.0,156188.4,4549.836,36.12896360927857,168938.4,19445.4558,566.454582
V055,Diesel Truck,Diesel,7,4,3611.0,1445.6,24.9,42,11815.0,132995.19999999998,3874.208,40.03323179174744,144810.19999999998,16557.9024,482.338896
V055,Diesel Truck,Diesel,7,5,2039.0,877.5,24.9,42,10409.0,80730.0,2351.7000000000003,43.035801863658655,91139.0,10050.885,292.78665
V055,Diesel Truck,Diesel,7,6,2954.0,1075.6,24.9,42,10889.0,98955.2,2882.6079999999997,36.4116452268111,109844.2,12319.9224,358.88469599999996
V055,Diesel Truck,Diesel,7,7,4463.0,1591.5,24.9,42,11963.0,146418.0,4265.22,35.65987004257226,158381.0,18229.040999999997,531.01989
V055,Diesel Truck,Diesel,7,8,2506.0,960.8,24.9,42,11199.0,88393.59999999999,2574.944,38.33998403830806,99592.59999999999,11005.0032,320.58052799999996
V055,Diesel Truck,Diesel,7,9,2932.0,1191.3,24.9,42,10816.0,109599.59999999999,3192.684,40.63096862210095,120415.59999999999,13645.150199999998,397.48915800000003
V055,Diesel Truck,Diesel,7,10,2051.0,778.2,24.9,42,10752.0,71594.40000000001,2085.576,37.94246708922477,82346.40000000001,8913.5028,259.654212
V055,Diesel Truck,Diesel,7,11,1626.0,654.6,24.9,42,10361.0,60223.200000000004,1754.3280000000002,40.25830258302583,70584.20000000001,7497.7883999999995,218.413836
V055,Diesel Truck,Diesel,7,12,3327.0,1287.2,24.9,42,11699.0,118422.40000000001,3449.6960000000004,38.68951006913135,130121.40000000001,14743.588800000001,429.487152
V056,CNG Bus,CNG,10,1,3054.0,511.8,16.1,73,14342.0,39920.4,1407.45,16.758349705304518,54262.4,3213.5922000000005,113.29972500000002
V056,CNG Bus,CNG,10,2,3366.0,591.5,16.1,73,14622.0,46137.0,1626.625,17.57278669043375,60759.0,3714.0285000000003,130.94331250000002
V056,CNG Bus,CNG,10,3,3198.0,576.7,16.1,73,13643.0,44982.600000000006,1585.9250000000002,18.033145716072546,58625.600000000006,3621.0993000000003,127.66696250000003
V056,CNG Bus,CNG,10,4,4041.0,722.2,16.1,73,14631.0,56331.600000000006,1986.0500000000002,17.871813907448654,70962.6,4534.693800000001,159.87702500000003
V056,CNG Bus,CNG,10,5,3211.0,588.9,16.1,73,14051.0,45934.2,1619.475,18.34008097165992,59985.2,3697.7031,130.3677375
V056,CNG Bus,CNG,10,6,3599.0,636.1,16.1,73,13751.0,49615.8,1749.275,17.674353987218673,63366.8,3994.071900000001,140.8166375
V056,CNG Bus,CNG,10,7,3428.0,706.2,16.1,73,14178.0,55083.600000000006,1942.0500000000002,20.600933488914823,69261.6,4434.229800000001,156.33502500000003
V056,CNG Bus,CNG,10,8,2904.0,543.2,16.1,73,14204.0,42369.600000000006,1493.8000000000002,18.705234159779614,56573.600000000006,3410.7528000000007,120.25090000000002
V056,CNG Bus,CNG,10,9,4321.0,838.1,16.1,73,14339.0,65371.8,2304.775,19.395973154362416,79710.8,5262.429900000001,185.5343875
V056,CNG Bus,CNG,10,10,4638.0,820.7,16.1,73,14271.0,64014.600000000006,2256.925,17.695127210004312,78285.6,5153.175300000001,181.68246250000004
V056,CNG Bus,CNG,10,11,2486.0,440.5,16.1,73,13847.0,34359.0,1211.375,17.719227674979887,48206.0,2765.8995,97.5156875
V056,CNG Bus,CNG,10,12,1624.0,311.4,16.1,73,12811.0,24289.199999999997,856.3499999999999,19.17487684729064,37100.2,1955.2806,68.936175
V057,Diesel Truck,Diesel,7,1,4107.0,1376.4,9.7,63,12030.0,126628.8,3688.7520000000004,33.513513513513516,138658.8,6141.496799999999,178.90447200000003
V057,Diesel Truck,Diesel,7,2,4057.0,1468.1,9.7,63,12270.0,135065.19999999998,3934.508,36.18683756470298,147335.19999999998,6550.662199999999,190.823638
V057,Diesel Truck,Diesel,7,3,4590.0,1453.2,9.7,63,12322.0,133694.4,3894.5760000000005,31.66013071895425,146016.4,6484.1784,188.88693600000002
V057,Diesel Truck,Diesel,7,4,1682.0,622.7,9.7,63,10348.0,57288.4,1668.8360000000002,37.02140309155767,67636.4,2778.4874,80.938546
V057,Diesel Truck,Diesel,7,5,5493.0,1774.9,9.7,63,12173.0,163290.80000000002,4756.732000000001,32.31203349717823,175463.80000000002,7919.6038,230.70150200000003
V057,Diesel Truck,Diesel,7,6,1879.0,667.9,9.7,63,10328.0,61446.799999999996,1789.972,35.545502927088876,71774.79999999999,2980.1697999999997,86.813642
V057,Diesel Truck,Diesel,7,7,2867.0,1059.5,9.7,63,11153.0,97474.0,2839.46,36.95500523194977,108627.0,4727.489,137.71381
V057,Diesel Truck,Diesel,7,8,4163.0,1520.6,9.7,63,11932.0,139895.19999999998,4075.208,36.52654335815517,151827.19999999998,6784.917199999999,197.64758799999998
V057,Diesel Truck,Diesel,7,9,4960.0,1848.4,9.7,63,12754.0,170052.80000000002,4953.712,37.266129032258064,182806.80000000002,8247.560800000001,240.255032
V057,Diesel Truck,Diesel,7,10,2135.0,718.8,9.7,63,10815.0,66129.59999999999,1926.384,33.667447306791566,76944.59999999999,3207.2855999999992,93.42962399999999
V057,Diesel Truck,Diesel,7,11,2810.0,955.7,9.7,63,11147.0,87924.40000000001,2561.2760000000003,34.01067615658363,99071.40000000001,4264.3334,124.22188600000001
V057,Diesel Truck,Diesel,7,12,4037.0,1308.2,9.7,63,11660.0,120354.40000000001,3505.976,32.405251424324995,132014.40000000002,5837.1884,170.039836
V058,Petrol Van,Petrol,12,1,2886.0,368.8,15.2,47,15469.0,36880.0,851.928,12.77893277893278,52349.0,2802.88,64.746528
V058,Petrol Van,Petrol,12,2,4209.0,551.6,15.2,47,16116.0,55160.0,1274.1960000000001,13.105250653361844,71276.0,4192.16,96.838896
V058,Petrol Van,Petrol,12,3,4966.0,577.6,15.2,47,17313.0,57760.0,1334.256,11.631091421667339,75073.0,4389.76,101.403456
V058,Petrol Van,Petrol,12,4,3165.0,407.1,15.2,47,15952.0,40710.0,940.4010000000001,12.862559241706162,56662.0,3093.96,71.470476
V058,Petrol Van,Petrol,12,5,2929.0,390.8,15.2,47,15694.0,39080.0,902.748,13.342437692045067,54774.0,2970.08,68.608848
V058,Petrol Van,Petrol,12,6,2888.0,359.3,15.2,47,15755.0,35930.0,829.9830000000001,12.441135734072024,51685.0,2730.68,63.078708000000006
V058,Petrol Van,Petrol,12,7,5420.0,673.6,15.2,47,17469.0,67360.0,1556.016,12.428044280442805,84829.0,5119.36,118.25721600000001
V058,Petrol Van,Petrol,12,8,4273.0,579.6,15.2,47,16812.0,57960.0,1338.876,13.564240580388487,74772.0,4404.96,101.754576
V058,Petrol Van,Petrol,12,9,1959.0,240.3,15.2,47,15159.0,24030.0,555.0930000000001,12.26646248085758,39189.0,1826.28,42.187068
V058,Petrol Van,Petrol,12,10,5182.0,632.7,15.2,47,16315.0,63270.00000000001,1461.537,12.20957159397916,79585.0,4808.52,111.07681199999999
V058,Petrol Van,Petrol,12,11,4390.0,546.8,15.2,47,16891.0,54679.99999999999,1263.108,12.455580865603643,71571.0,4155.679999999999,95.99620799999998
V058,Petrol Van,Petrol,12,12,4629.0,570.1,15.2,47,16614.0,57010.0,1316.931,12.315834953553683,73624.0,4332.76,100.08675600000001
V059,Petrol Van,Petrol,9,1,3160.0,360.0,18.8,74,13479.0,36000.0,831.6,11.39240506329114,49479.0,3384.0,78.17040000000001
V059,Petrol Van,Petrol,9,2,2369.0,271.3,18.8,74,12437.0,27130.0,626.7030000000001,11.452089489235966,39567.0,2550.22,58.91008200000001
V059,Petrol Van,Petrol,9,3,1632.0,185.0,18.8,74,12123.0,18500.0,427.35,11.33578431372549,30623.0,1739.0,40.1709
V059,Petrol Van,Petrol,9,4,4868.0,544.6,18.8,74,13942.0,54460.0,1258.026,11.1873459326212,68402.0,5119.24,118.254444
V059,Petrol Van,Petrol,9,5,3112.0,397.2,18.8,74,12611.0,39720.0,917.532,12.76349614395887,52331.0,3733.68,86.24800800000001
V059,Petrol Van,Petrol,9,6,2335.0,251.0,18.8,74,12400.0,25100.0,579.8100000000001,10.74946466809422,37500.0,2359.4,54.50214000000001
V059,Petrol Van,Petrol,9,7,3638.0,415.9,18.8,74,12984.0,41590.0,960.7289999999999,11.432105552501373,54574.0,3909.46,90.308526
V059,Petrol Van,Petrol,9,8,2745.0,320.9,18.8,74,12894.0,32089.999999999996,741.279,11.690346083788707,44984.0,3016.46,69.680226
V059,Petrol Van,Petrol,9,9,3450.0,404.6,18.8,74,12919.0,40460.0,934.6260000000001,11.72753623188406,53379.0,3803.24,87.85484400000001
V059,Petrol Van,Petrol,9,10,3828.0,474.7,18.8,74,14016.0,47470.0,1096.557,12.40073145245559,61486.0,4462.18,103.076358
V059,Petrol Van,Petrol,9,11,5443.0,646.6,18.8,74,14440.0,64660.0,1493.6460000000002,11.879478228917877,79100.0,6078.04,140.402724
V059,Petrol Van,Petrol,9,12,3781.0,431.5,18.8,74,13055.0,43150.0,996.765,11.412324781803756,56205.0,4056.1,93.69591
V060,Petrol Van,Petrol,4,1,4550.0,528.2,20.9,59,9895.0,52820.00000000001,1220.142,11.60879120879121,62715.00000000001,5519.69,127.50483899999999
V060,Petrol Van,Petrol,4,2,1503.0,171.2,20.9,59,7390.0,17120.0,395.472,11.390552228875581,24510.0,1789.04,41.326823999999995
V060,Petrol Van,Petrol,4,3,3977.0,502.7,20.9,59,8606.0,50270.0,1161.237,12.640181040985668,58876.0,5253.215,121.3492665
V060,Petrol Van,Petrol,4,4,2554.0,303.8,20.9,59,8479.0,30380.0,701.778,11.895066562255288,38859.0,3174.71,73.335801
V060,Petrol Van,Petrol,4,5,2047.0,242.5,20.9,59,8077.0,24250.0,560.1750000000001,11.846604787493893,32327.0,2534.1249999999995,58.5382875
V060,Petrol Van,Petrol,4,6,4083.0,498.8,20.9,59,9409.0,49880.0,1152.228,12.21650746999755,59289.0,5212.459999999999,120.407826
V060,Petrol Van,Petrol,4,7,5259.0,580.7,20.9,59,10224.0,58070.00000000001,1341.4170000000001,11.04202319832668,68294.0,6068.315,140.1780765
V060,Petrol Van,Petrol,4,8,3503.0,405.1,20.9,59,8902.0,40510.0,935.7810000000001,11.564373394233515,49412.0,4233.295,97.7891145
V060,Petrol Van,Petrol,4,9,2671.0,312.8,20.9,59,8286.0,31280.0,722.5680000000001,11.710969674279296,39566.0,3268.76,75.508356
V060,Petrol Van,Petrol,4,10,4891.0,559.4,20.9,59,9965.0,55940.0,1292.214,11.437333878552442,65905.0,5845.73,135.036363
V060,Petrol Van,Petrol,4,11,2107.0,238.3,20.9,59,8037.0,23830.0,550.4730000000001,11.309919316563835,31867.0,2490.2349999999997,57.524428500000006
V060,Petrol Van,Petrol,4,12,1832.0,216.2,20.9,59,7715.0,21620.0,499.42199999999997,11.80131004366812,29335.0,2259.2899999999995,52.18959899999999
V061,Hybrid Car,Hybrid,11,1,3494.0,250.9,20.2,73,14960.0,25090.0,579.5790000000001,7.180881511161992,40050.0,2534.09,58.537479000000005
V061,Hybrid Car,Hybrid,11,2,4253.0,305.3,20.2,73,16023.0,30530.0,705.243,7.178462261932754,46553.0,3083.53,71.229543
V061,Hybrid Car,Hybrid,11,3,2970.0,224.6,20.2,73,14535.0,22460.0,518.826,7.562289562289562,36995.0,2268.46,52.401426
V061,Hybrid Car,Hybrid,11,4,2477.0,179.4,20.2,73,14223.0,17940.0,414.41400000000004,7.2426322163907955,32163.0,1811.94,41.855814
V061,Hybrid Car,Hybrid,11,5,4861.0,354.8,20.2,73,15925.0,35480.0,819.5880000000001,7.298909689364328,51405.0,3583.48,82.778388
V061,Hybrid Car,Hybrid,11,6,2453.0,190.9,20.2,73,14525.0,19090.0,440.97900000000004,7.782307378719936,33615.0,1928.09,44.53887900000001
V061,Hybrid Car,Hybrid,11,7,3159.0,207.4,20.2,73,15293.0,20740.0,479.09400000000005,6.56536878759101,36033.0,2094.74,48.388494
V061,Hybrid Car,Hybrid,11,8,2418.0,159.0,20.2,73,14368.0,15900.0,367.29,6.575682382133994,30268.0,1605.9,37.096289999999996
V061,Hybrid Car,Hybrid,11,9,1827.0,126.4,20.2,73,14053.0,12640.0,291.98400000000004,6.9184455391351944,26693.0,1276.64,29.490384000000002
V061,Hybrid Car,Hybrid,11,10,1815.0,132.5,20.2,73,13826.0,13250.0,306.075,7.300275482093664,27076.0,1338.25,30.913574999999994
V061,Hybrid Car,Hybrid,11,11,4870.0,358.2,20.2,73,16528.0,35820.0,827.442,7.3552361396303905,52348.0,3617.82,83.571642
V061,Hybrid Car,Hybrid,11,12,3714.0,266.8,20.2,73,15699.0,26680.0,616.308,7.183629509962305,42379.0,2694.68,62.247108
V062,Electric Van,Electric,11,1,3196.0,787.8,15.6,78,15284.0,7090.2,559.338,24.64956195244055,22374.2,553.0355999999999,43.62836399999999
V062,Electric Van,Electric,11,2,3842.0,994.6,15.6,78,15447.0,8951.4,706.1659999999999,25.88755856324831,24398.4,698.2092,55.080948
V062,Electric Van,Electric,11,3,5173.0,1263.5,15.6,78,16282.0,11371.5,897.0849999999999,24.42489851150203,27653.5,886.977,69.97263
V062,Electric Van,Electric,11,4,2381.0,583.7,15.6,78,14069.0,5253.3,414.427,24.514909701805966,19322.3,409.75739999999996,32.325306
V062,Electric Van,Electric,11,5,5168.0,1306.3,15.6,78,16720.0,11756.699999999999,927.473,25.276702786377708,28476.699999999997,917.0225999999999,72.342894
V062,Electric Van,Electric,11,6,4698.0,1163.1,15.6,78,15689.0,10467.9,825.8009999999999,24.757343550446997,26156.9,816.4961999999999,64.412478
V062,Electric Van,Electric,11,7,2781.0,777.2,15.6,78,14740.0,6994.8,551.812,27.946781733189503,21734.8,545.5944000000001,43.041336
V062,Electric Van,Electric,11,8,5285.0,1456.1,15.6,78,16189.0,13104.9,1033.831,27.551561021759696,29293.9,1022.1822,80.63881799999999
V062,Electric Van,Electric,11,9,4383.0,1188.2,15.6,78,15172.0,10693.800000000001,843.622,27.109285877253026,25865.800000000003,834.1164,65.802516
V062,Electric Van,Electric,11,10,3277.0,843.6,15.6,78,15036.0,7592.400000000001,598.956,25.743057674702474,22628.4,592.2072000000001,46.718568000000005
V062,Electric Van,Electric,11,11,2973.0,806.8,15.6,78,14515.0,7261.2,572.828,27.13757147662294,21776.2,566.3736,44.680583999999996
V062,Electric Van,Electric,11,12,2324.0,602.6,15.6,78,14348.0,5423.400000000001,427.846,25.929432013769365,19771.4,423.02520000000004,33.371988
V063,Electric Van,Electric,8,1,3345.0,865.7,14.6,69,11939.0,7791.3,614.647,25.88041853512706,19730.3,568.7649,44.869231
V063,Electric Van,Electric,8,2,4792.0,1336.1,14.6,69,13650.0,12024.9,948.6309999999999,27.881886477462437,25674.9,877.8177,69.250063
V063,Electric Van,Electric,8,3,3831.0,1021.4,14.6,69,12536.0,9192.6,725.194,26.66144609762464,21728.6,671.0598,52.939161999999996
V063,Electric Van,Electric,8,4,2165.0,567.6,14.6,69,11480.0,5108.400000000001,402.996,26.217090069284065,16588.4,372.9132,29.418707999999995
V063,Electric Van,Electric,8,5,5484.0,1527.8,14.6,69,14217.0,13750.199999999999,1084.7379999999998,27.85922684172137,27967.199999999997,1003.7646,79.18587399999998
V063,Electric Van,Electric,8,6,2859.0,739.9,14.6,69,11907.0,6659.099999999999,525.329,25.87967820916404,18566.1,486.11429999999996,38.349016999999996
V063,Electric Van,Electric,8,7,4349.0,1095.7,14.6,69,13581.0,9861.300000000001,777.947,25.19429753966429,23442.300000000003,719.8749,56.790131
V063,Electric Van,Electric,8,8,3756.0,879.0,14.6,69,12573.0,7911.0,624.0899999999999,23.40255591054313,20484.0,577.5029999999999,45.55856999999999
V063,Electric Van,Electric,8,9,4380.0,1089.1,14.6,69,13202.0,9801.9,773.2609999999999,24.865296803652967,23003.9,715.5387,56.44805299999999
V063,Electric Van,Electric,8,10,3456.0,810.4,14.6,69,12019.0,7293.599999999999,575.3839999999999,23.449074074074073,19312.6,532.4327999999999,42.00303199999999
V063,Electric Van,Electric,8,11,5130.0,1400.3,14.6,69,12875.0,12602.699999999999,994.213,27.296296296296298,25477.699999999997,919.9970999999999,72.577549
V063,Electric Van,Electric,8,12,5139.0,1384.4,14.6,69,13424.0,12459.6,982.924,26.93909320879549,25883.6,909.5508,71.753452
V064,Electric Van,Electric,10,1,1701.0,483.3,28.0,50,12967.0,4349.7,343.143,28.41269841269841,17316.7,608.958,48.04002
V064,Electric Van,Electric,10,2,2981.0,879.6,28.0,50,13505.0,7916.400000000001,624.516,29.50687688695069,21421.4,1108.296,87.43224000000001
V064,Electric Van,Electric,10,3,1524.0,461.8,28.0,50,13053.0,4156.2,327.878,30.30183727034121,17209.2,581.8679999999999,45.902919999999995
V064,Electric Van,Electric,10,4,2326.0,714.6,28.0,50,13597.0,6431.400000000001,507.366,30.722269991401546,20028.4,900.3960000000001,71.03124
V064,Electric Van,Electric,10,5,3587.0,952.8,28.0,50,14440.0,8575.199999999999,676.4879999999999,26.562587120156117,23015.199999999997,1200.5279999999998,94.70831999999999
V064,Electric Van,Electric,10,6,1653.0,440.7,28.0,50,12800.0,3966.2999999999997,312.897,26.660617059891106,16766.3,555.2819999999999,43.80558
V064,Electric Van,Electric,10,7,3455.0,954.3,28.0,50,13987.0,8588.699999999999,677.5529999999999,27.62083936324168,22575.699999999997,1202.418,94.85741999999999
V064,Electric Van,Electric,10,8,1822.0,491.7,28.0,50,13152.0,4425.3,349.10699999999997,26.98682766190999,17577.3,619.542,48.874979999999994
V064,Electric Van,Electric,10,9,1704.0,483.9,28.0,50,13229.0,4355.099999999999,343.56899999999996,28.39788732394366,17584.1,609.7139999999999,48.09965999999999
V064,Electric Van,Electric,10,10,5467.0,1531.6,28.0,50,14779.0,13784.4,1087.436,28.015364916773365,28563.4,1929.816,152.24104
V064,Electric Van,Electric,10,11,4517.0,1314.2,28.0,50,15186.0,11827.800000000001,933.082,29.094531768873143,27013.800000000003,1655.892,130.63147999999998
V064,Electric Van,Electric,10,12,2168.0,593.6,28.0,50,13248.0,5342.400000000001,421.456,27.380073800738007,18590.4,747.936,59.00384
V065,Hybrid Car,Hybrid,10,1,3761.0,265.9,14.2,69,13949.0,26589.999999999996,614.2289999999999,7.069928210582291,40539.0,1887.8899999999996,43.610259
V065,Hybrid Car,Hybrid,10,2,5014.0,352.8,14.2,69,14804.0,35280.0,814.9680000000001,7.036298364579179,50084.0,2504.88,57.862728000000004
V065,Hybrid Car,Hybrid,10,3,1681.0,121.2,14.2,69,13173.0,12120.0,279.97200000000004,7.209994051160024,25293.0,860.52,19.878012000000002
V065,Hybrid Car,Hybrid,10,4,1533.0,115.7,14.2,69,12803.0,11570.0,267.267,7.547292889758643,24373.0,821.47,18.975956999999998
V065,Hybrid Car,Hybrid,10,5,1867.0,131.0,14.2,69,13157.0,13100.0,302.61,7.016604177825387,26257.0,930.1,21.48531
V065,Hybrid Car,Hybrid,10,6,4154.0,296.8,14.2,69,14185.0,29680.0,685.6080000000001,7.144920558497833,43865.0,2107.28,48.67816800000001
V065,Hybrid Car,Hybrid,10,7,3832.0,278.6,14.2,69,14161.0,27860.000000000004,643.566,7.27035490605428,42021.0,1978.0600000000004,45.693186
V065,Hybrid Car,Hybrid,10,8,3603.0,281.0,14.2,69,13976.0,28100.0,649.11,7.799056341937274,42076.0,1995.1,46.08680999999999
V065,Hybrid Car,Hybrid,10,9,1934.0,139.9,14.2,69,13133.0,13990.0,323.16900000000004,7.2337125129265765,27123.0,993.29,22.944999000000003
V065,Hybrid Car,Hybrid,10,10,4429.0,334.6,14.2,69,14376.0,33460.0,772.926,7.55475276586137,47836.0,2375.66,54.877745999999995
V065,Hybrid Car,Hybrid,10,11,3224.0,218.2,14.2,69,13832.0,21820.0,504.042,6.767990074441688,35652.0,1549.22,35.786981999999995
V065,Hybrid Car,Hybrid,10,12,3643.0,266.4,14.2,69,14511.0,26639.999999999996,615.384,7.312654405709579,41151.0,1891.4399999999996,43.692263999999994
V066,Diesel Truck,Diesel,1,1,5173.0,1579.1,19.6,78,7202.0,145277.19999999998,4231.988,30.52580707519814,152479.19999999998,14237.165599999998,414.73482400000006
V066,Diesel Truck,Diesel,1,2,2036.0,685.2,19.6,78,5112.0,63038.4,1836.3360000000002,33.654223968565816,68150.4,6177.7632,179.96092800000002
V066,Diesel Truck,Diesel,1,3,4250.0,1419.4,19.6,78,6302.0,130584.8,3803.9920000000006,33.39764705882353,136886.8,12797.3104,372.7912160000001
V066,Diesel Truck,Diesel,1,4,4495.0,1531.9,19.6,78,6491.0,140934.80000000002,4105.492,34.080088987764185,147425.80000000002,13811.610400000003,402.33821600000005
V066,Diesel Truck,Diesel,1,5,3892.0,1303.8,19.6,78,5981.0,119949.59999999999,3494.184,33.4994861253854,125930.59999999999,11755.060800000001,342.43003200000004
V066,Diesel Truck,Diesel,1,6,5127.0,1715.5,19.6,78,7216.0,157826.0,4597.54,33.460113126584744,165042.0,15466.948,450.55892
V066,Diesel Truck,Diesel,1,7,1510.0,489.2,19.6,78,4954.0,45006.4,1311.056,32.397350993377486,49960.4,4410.6272,128.48348800000002
V066,Diesel Truck,Diesel,1,8,4332.0,1419.3,19.6,78,6295.0,130575.59999999999,3803.724,32.763157894736835,136870.59999999998,12796.408800000001,372.76495200000005
V066,Diesel Truck,Diesel,1,9,2842.0,814.4,19.6,78,5451.0,74924.8,2182.592,28.65587614356087,80375.8,7342.6304,213.89401600000002
V066,Diesel Truck,Diesel,1,10,3974.0,1403.6,19.6,78,6950.0,129131.2,3761.648,35.3195772521389,136081.2,12654.8576,368.64150400000005
V066,Diesel Truck,Diesel,1,11,4523.0,1450.6,19.6,78,6431.0,133455.19999999998,3887.608,32.07163387132434,139886.19999999998,13078.6096,380.985584
V066,Diesel Truck,Diesel,1,12,2172.0,699.3,19.6,78,5399.0,64335.6,1874.124,32.196132596685075,69734.6,6304.8888,183.66415200000003
V067,Electric Van,Electric,12,1,3732.0,951.9,9.9,68,15760.0,8567.1,675.8489999999999,25.5064308681672,24327.1,424.07145,33.4545255
V067,Electric Van,Electric,12,2,3074.0,844.7,9.9,68,15824.0,7602.3,599.737,27.47885491216656,23426.3,376.31385,29.686981499999998
V067,Electric Van,Electric,12,3,4610.0,1280.5,9.9,68,16400.0,11524.5,909.155,27.7765726681128,27924.5,570.46275,45.0031725
V067,Electric Van,Electric,12,4,2360.0,641.1,9.9,68,15026.0,5769.900000000001,455.181,27.16525423728814,20795.9,285.61005000000006,22.5314595
V067,Electric Van,Electric,12,5,3097.0,791.1,9.9,68,16117.0,7119.900000000001,561.681,25.54407491120439,23236.9,352.43505000000005,27.8032095
V067,Electric Van,Electric,12,6,1648.0,410.8,9.9,68,14760.0,3697.2000000000003,291.668,24.927184466019416,18457.2,183.01140000000004,14.437566000000002
V067,Electric Van,Electric,12,7,2030.0,556.8,9.9,68,14968.0,5011.2,395.328,27.428571428571423,19979.2,248.0544,19.568735999999998
V067,Electric Van,Electric,12,8,1774.0,448.5,9.9,68,15008.0,4036.5,318.435,25.28184892897407,19044.5,199.80675,15.762532499999999
V067,Electric Van,Electric,12,9,4922.0,1252.1,9.9,68,16673.0,11268.9,888.9909999999999,25.438845997561966,27941.9,557.81055,44.0050545
V067,Electric Van,Electric,12,10,3130.0,836.4,9.9,68,16016.0,7527.599999999999,593.8439999999999,26.7220447284345,23543.6,372.61619999999994,29.395277999999998
V067,Electric Van,Electric,12,11,2690.0,698.1,9.9,68,15508.0,6282.900000000001,495.651,25.951672862453535,21790.9,311.00355,24.534724500000003
V067,Electric Van,Electric,12,12,4325.0,1118.8,9.9,68,15995.0,10069.199999999999,794.348,25.86820809248555,26064.199999999997,498.4253999999999,39.320226
V068,Diesel Truck,Diesel,6,1,5163.0,1514.2,10.9,84,11832.0,139306.4,4058.0560000000005,29.327910129769514,151138.4,7592.1988,221.16405200000005
V068,Diesel Truck,Diesel,6,2,4276.0,1507.4,10.9,84,10649.0,138680.80000000002,4039.8320000000003,35.25257249766137,149329.80000000002,7558.103600000001,220.17084400000005
V068,Diesel Truck,Diesel,6,3,4766.0,1552.7,10.9,84,11037.0,142848.4,4161.236000000001,32.578682333193456,153885.4,7785.2378,226.78736200000006
V068,Diesel Truck,Diesel,6,4,3335.0,1076.5,10.9,84,10922.0,99038.0,2885.02,32.27886056971514,109960.0,5397.571,157.23359
V068,Diesel Truck,Diesel,6,5,2068.0,656.2,10.9,84,9421.0,60370.4,1758.6160000000002,31.731141199226307,69791.4,3290.1868,95.84457200000001
V068,Diesel Truck,Diesel,6,6,3056.0,998.9,10.9,84,10118.0,91898.8,2677.052,32.68651832460733,102016.8,5008.4846,145.899334
V068,Diesel Truck,Diesel,6,7,3275.0,1077.9,10.9,84,10122.0,99166.8,2888.7720000000004,32.91297709923665,109288.8,5404.5906,157.43807400000003
V068,Diesel Truck,Diesel,6,8,2239.0,767.7,10.9,84,10050.0,70628.40000000001,2057.436,34.28762840553819,80678.40000000001,3849.247800000001,112.13026200000002
V068,Diesel Truck,Diesel,6,9,3720.0,1273.9,10.9,84,11230.0,117198.8,3414.0520000000006,34.24462365591398,128428.8,6387.334600000001,186.06583400000002
V068,Diesel Truck,Diesel,6,10,4695.0,1527.6,10.9,84,10752.0,140539.19999999998,4093.968,32.53674121405751,151291.19999999998,7659.386399999999,223.121256
V068,Diesel Truck,Diesel,6,11,4555.0,1360.6,10.9,84,10662.0,125175.2,3646.408,29.870472008781558,135837.2,6822.0484,198.72923600000001
V068,Diesel Truck,Diesel,6,12,2370.0,748.6,10.9,84,9979.0,68871.2,2006.2480000000003,31.586497890295362,78850.2,3753.4804,109.34051600000002
V069,Petrol Van,Petrol,11,1,4702.0,513.5,10.0,83,15629.0,51350.0,1186.185,10.92088472990217,66979.0,2567.5,59.30924999999999
V069,Petrol Van,Petrol,11,2,2273.0,234.8,10.0,83,14368.0,23480.0,542.388,10.32996040475143,37848.0,1174.0,27.1194
V069,Petrol Van,Petrol,11,3,4299.0,500.6,10.0,83,15815.0,50060.0,1156.386,11.644568504303326,65875.0,2503.0,57.819300000000005
V069,Petrol Van,Petrol,11,4,4679.0,516.8,10.0,83,15593.0,51679.99999999999,1193.808,11.045095105791834,67273.0,2583.9999999999995,59.6904
V069,Petrol Van,Petrol,11,5,2844.0,295.0,10.0,83,15087.0,29500.0,681.45,10.372714486638538,44587.0,1475.0,34.0725
V069,Petrol Van,Petrol,11,6,1849.0,203.6,10.0,83,14013.0,20360.0,470.316,11.011357490535424,34373.0,1018.0,23.5158
V069,Petrol Van,Petrol,11,7,3159.0,364.4,10.0,83,14936.0,36440.0,841.764,11.535295979740424,51376.0,1822.0,42.0882
V069,Petrol Van,Petrol,11,8,5477.0,575.8,10.0,83,16402.0,57579.99999999999,1330.098,10.513054591929889,73982.0,2878.9999999999995,66.50489999999999
V069,Petrol Van,Petrol,11,9,4108.0,466.1,10.0,83,15015.0,46610.0,1076.691,11.346153846153847,61625.0,2330.5,53.83455
V069,Petrol Van,Petrol,11,10,1988.0,220.3,10.0,83,14339.0,22030.0,508.89300000000003,11.08148893360161,36369.0,1101.5,25.444650000000003
V069,Petrol Van,Petrol,11,11,4879.0,563.7,10.0,83,16065.0,56370.00000000001,1302.1470000000002,11.55359704857553,72435.0,2818.5000000000005,65.10735000000001
V069,Petrol Van,Petrol,11,12,5181.0,631.4,10.0,83,16625.0,63140.0,1458.5339999999999,12.186836518046709,79765.0,3157.0,72.9267
V070,Diesel Truck,Diesel,1,1,2720.0,879.6,14.2,74,5887.0,80923.2,2357.328,32.338235294117645,86810.2,5745.5472,167.370288
V070,Diesel Truck,Diesel,1,2,2072.0,722.4,14.2,74,5397.0,66460.8,1936.0320000000002,34.86486486486486,71857.8,4718.7168,137.458272
V070,Diesel Truck,Diesel,1,3,5402.0,1857.6,14.2,74,6769.0,170899.19999999998,4978.368,34.38726397630507,177668.19999999998,12133.843199999998,353.46412799999996
V070,Diesel Truck,Diesel,1,4,2849.0,934.7,14.2,74,5906.0,85992.40000000001,2504.996,32.80800280800281,91898.40000000001,6105.4604,177.854716
V070,Diesel Truck,Diesel,1,5,2228.0,746.8,14.2,74,5225.0,68705.59999999999,2001.424,33.51885098743267,73930.59999999999,4878.097599999999,142.101104
V070,Diesel Truck,Diesel,1,6,4079.0,1470.2,14.2,74,5986.0,135258.4,3940.1360000000004,36.04314783035058,141244.4,9603.346399999999,279.749656
V070,Diesel Truck,Diesel,1,7,1599.0,520.5,14.2,74,4789.0,47886.0,1394.94,32.5515947467167,52675.0,3399.906,99.04074
V070,Diesel Truck,Diesel,1,8,3768.0,1215.5,14.2,74,5745.0,111826.0,3257.5400000000004,32.25849256900212,117571.0,7939.646,231.28534000000002
V070,Diesel Truck,Diesel,1,9,5128.0,1686.3,14.2,74,6713.0,155139.6,4519.284000000001,32.88416536661467,161852.6,11014.9116,320.869164
V070,Diesel Truck,Diesel,1,10,2968.0,958.6,14.2,74,6046.0,88191.2,2569.0480000000002,32.29784366576819,94237.2,6261.575199999999,182.402408
V070,Diesel Truck,Diesel,1,11,4376.0,1423.4,14.2,74,6227.0,130952.8,3814.7120000000004,32.5274223034735,137179.8,9297.6488,270.844552
V070,Diesel Truck,Diesel,1,12,4908.0,1570.3,14.2,74,6456.0,144467.6,4208.404,31.994702526487366,150923.6,10257.1996,298.796684
V071,Hybrid Car,Hybrid,9,1,2408.0,174.7,25.5,88,12422.0,17470.0,403.55699999999996,7.254983388704319,29892.0,2227.425,51.4535175
V071,Hybrid Car,Hybrid,9,2,4253.0,303.1,25.5,88,13583.0,30310.000000000004,700.1610000000001,7.126734070068188,43893.0,3864.5250000000005,89.27052750000001
V071,Hybrid Car,Hybrid,9,3,2662.0,199.2,25.5,88,13075.0,19920.0,460.152,7.483095416979714,32995.0,2539.8,58.669380000000004
V071,Hybrid Car,Hybrid,9,4,2058.0,154.7,25.5,88,12507.0,15469.999999999998,357.35699999999997,7.517006802721088,27977.0,1972.4249999999997,45.563017499999994
V071,Hybrid Car,Hybrid,9,5,3211.0,229.7,25.5,88,13131.0,22970.0,530.607,7.153534724384926,36101.0,2928.675,67.65239249999999
V071,Hybrid Car,Hybrid,9,6,5432.0,374.2,25.5,88,14771.0,37420.0,864.402,6.88880706921944,52191.0,4771.05,110.211255
V071,Hybrid Car,Hybrid,9,7,1635.0,114.0,25.5,88,12231.0,11400.0,263.34000000000003,6.972477064220184,23631.0,1453.5,33.57585
V071,Hybrid Car,Hybrid,9,8,1989.0,147.3,25.5,88,12628.0,14730.000000000002,340.26300000000003,7.4057315233785825,27358.0,1878.0750000000003,43.3835325
V071,Hybrid Car,Hybrid,9,9,3145.0,208.7,25.5,88,12668.0,20870.0,482.097,6.635930047694753,33538.0,2660.925,61.4673675
V071,Hybrid Car,Hybrid,9,10,4996.0,371.3,25.5,88,14776.0,37130.0,857.7030000000001,7.431945556445156,51906.0,4734.075,109.3571325
V071,Hybrid Car,Hybrid,9,11,4322.0,291.6,25.5,88,14130.0,29160.000000000004,673.5960000000001,6.746876446089773,43290.0,3717.9000000000005,85.88349000000002
V071,Hybrid Car,Hybrid,9,12,3302.0,234.3,25.5,88,13377.0,23430.0,541.2330000000001,7.095699576014537,36807.0,2987.325,69.0072075
V072,Diesel Truck,Diesel,1,1,3777.0,1197.7,10.6,74,5896.0,110188.40000000001,3209.8360000000002,31.710352131321155,116084.40000000001,5839.9852,170.121308
V072,Diesel Truck,Diesel,1,2,3644.0,1125.1,10.6,74,6012.0,103509.2,3015.268,30.875411635565307,109521.2,5485.9876,159.809204
V072,Diesel Truck,Diesel,1,3,1549.0,503.7,10.6,74,4955.0,46340.4,1349.916,32.51775338928341,51295.4,2456.0412,71.545548
V072,Diesel Truck,Diesel,1,4,4647.0,1641.8,10.6,74,7372.0,151045.6,4400.024,35.330320636970086,158417.6,8005.416800000001,233.20127200000002
V072,Diesel Truck,Diesel,1,5,2154.0,716.7,10.6,74,5300.0,65936.40000000001,1920.7560000000003,33.27298050139276,71236.40000000001,3494.6292000000003,101.80006800000001
V072,Diesel Truck,Diesel,1,6,4000.0,1375.5,10.6,74,6534.0,126546.0,3686.34,34.387499999999996,133080.0,6706.937999999999,195.37601999999998
V072,Diesel Truck,Diesel,1,7,3947.0,1283.6,10.6,74,5823.0,118091.2,3440.048,32.520901950848746,123914.2,6258.8336,182.322544
V072,Diesel Truck,Diesel,1,8,4375.0,1438.5,10.6,74,7228.0,132342.0,3855.1800000000003,32.879999999999995,139570.0,7014.126,204.32454
V072,Diesel Truck,Diesel,1,9,4313.0,1410.1,10.6,74,6863.0,129729.2,3779.0679999999998,32.69418038488291,136592.2,6875.6476,200.29060399999997
V072,Diesel Truck,Diesel,1,10,1529.0,493.8,10.6,74,4963.0,45429.6,1323.384,32.29561805101373,50392.6,2407.7688,70.139352
V072,Diesel Truck,Diesel,1,11,2093.0,709.6,10.6,74,5363.0,65283.200000000004,1901.728,33.903487816531296,70646.20000000001,3460.0096000000003,100.791584
V072,Diesel Truck,Diesel,1,12,3710.0,1128.5,10.6,74,5748.0,103822.0,3024.38,30.4177897574124,109570.0,5502.566,160.29214
V073,Hybrid Car,Hybrid,9,1,2766.0,200.4,18.4,69,13048.0,20040.0,462.92400000000004,7.245119305856833,33088.0,1843.68,42.58900800000001
V073,Hybrid Car,Hybrid,9,2,5496.0,368.6,18.4,69,14612.0,36860.0,851.4660000000001,6.706695778748181,51472.0,3391.12,78.334872
V073,Hybrid Car,Hybrid,9,3,1998.0,131.7,18.4,69,12239.0,13169.999999999998,304.227,6.59159159159159,25409.0,1211.6399999999996,27.988883999999995
V073,Hybrid Car,Hybrid,9,4,3041.0,201.0,18.4,69,13447.0,20100.0,464.31,6.609667872410391,33547.0,1849.2,42.71652
V073,Hybrid Car,Hybrid,9,5,2884.0,198.2,18.4,69,12751.0,19820.0,457.842,6.872399445214978,32571.0,1823.44,42.121463999999996
V073,Hybrid Car,Hybrid,9,6,5022.0,325.0,18.4,69,14090.0,32500.0,750.75,6.47152528872959,46590.0,2990.0,69.069
V073,Hybrid Car,Hybrid,9,7,3988.0,299.5,18.4,69,14052.0,29950.0,691.845,7.510030090270813,44002.0,2755.4,63.64974
V073,Hybrid Car,Hybrid,9,8,2317.0,168.1,18.4,69,12220.0,16810.0,388.311,7.25507121277514,29030.0,1546.52,35.724612
V073,Hybrid Car,Hybrid,9,9,2279.0,160.0,18.4,69,12702.0,16000.0,369.6,7.020623080298377,28702.0,1472.0,34.0032
V073,Hybrid Car,Hybrid,9,10,4685.0,331.2,18.4,69,13490.0,33120.0,765.072,7.069370330843117,46610.0,3047.04,70.386624
V073,Hybrid Car,Hybrid,9,11,5188.0,358.9,18.4,69,13669.0,35890.0,829.059,6.917887432536622,49559.0,3301.88,76.273428
V073,Hybrid Car,Hybrid,9,12,2243.0,162.0,18.4,69,12588.0,16200.0,374.22,7.222469906375389,28788.0,1490.4,34.42824
V074,Petrol Van,Petrol,11,1,4218.0,612.6,26.4,52,15665.0,61260.0,1415.106,14.523470839260314,76925.0,8086.32,186.793992
V074,Petrol Van,Petrol,11,2,4371.0,600.9,26.4,52,15882.0,60090.0,1388.079,13.747426218256692,75972.0,7931.88,183.22642799999997
V074,Petrol Van,Petrol,11,3,3989.0,506.7,26.4,52,15805.0,50670.0,1170.477,12.702431687139635,66475.0,6688.44,154.50296400000002
V074,Petrol Van,Petrol,11,4,2968.0,395.8,26.4,52,14898.0,39580.0,914.298,13.335579514824797,54478.0,5224.56,120.687336
V074,Petrol Van,Petrol,11,5,5163.0,630.3,26.4,52,16303.0,63029.99999999999,1455.993,12.208018593840789,79333.0,8319.96,192.19107599999998
V074,Petrol Van,Petrol,11,6,3690.0,445.3,26.4,52,15222.0,44530.0,1028.643,12.067750677506774,59752.0,5877.96,135.78087599999998
V074,Petrol Van,Petrol,11,7,2567.0,313.4,26.4,52,14900.0,31339.999999999996,723.954,12.208804051421893,46240.0,4136.879999999999,95.561928
V074,Petrol Van,Petrol,11,8,3188.0,425.3,26.4,52,15235.0,42530.0,982.4430000000001,13.34065244667503,57765.0,5613.96,129.682476
V074,Petrol Van,Petrol,11,9,5167.0,680.8,26.4,52,16741.0,68080.0,1572.648,13.175924133926841,84821.0,8986.56,207.58953599999998
V074,Petrol Van,Petrol,11,10,5359.0,665.1,26.4,52,15569.0,66510.0,1536.381,12.410897555514088,82079.0,8779.32,202.80229200000002
V074,Petrol Van,Petrol,11,11,3390.0,424.2,26.4,52,15360.0,42420.0,979.902,12.513274336283187,57780.0,5599.44,129.347064
V074,Petrol Van,Petrol,11,12,1566.0,207.2,26.4,52,13755.0,20720.0,478.632,13.231162196679438,34475.0,2735.04,63.179424
V075,Diesel Truck,Diesel,10,1,4895.0,1660.3,15.8,97,14505.0,152747.6,4449.604,33.91828396322778,167252.6,12067.0604,351.51871600000004
V075,Diesel Truck,Diesel,10,2,3548.0,1254.0,15.8,97,14077.0,115368.0,3360.7200000000003,35.34385569334837,129445.0,9114.072,265.49688000000003
V075,Diesel Truck,Diesel,10,3,3555.0,1152.1,15.8,97,14239.0,105993.2,3087.628,32.40787623066104,120232.2,8373.462800000001,243.92261200000002
V075,Diesel Truck,Diesel,10,4,5449.0,1900.1,15.8,97,15253.0,174809.19999999998,5092.268,34.87061846210314,190062.19999999998,13809.9268,402.289172
V075,Diesel Truck,Diesel,10,5,4726.0,1619.7,15.8,97,15164.0,149012.4,4340.796,34.272111722386796,164176.4,11771.979599999999,342.92288400000007
V075,Diesel Truck,Diesel,10,6,4040.0,1414.6,15.8,97,15023.0,130143.2,3791.128,35.01485148514851,145166.2,10281.3128,299.499112
V075,Diesel Truck,Diesel,10,7,5099.0,1746.2,15.8,97,15143.0,160650.4,4679.816000000001,34.24593057462248,175793.4,12691.381599999999,369.70546400000006
V075,Diesel Truck,Diesel,10,8,3386.0,1211.4,15.8,97,14451.0,111448.8,3246.5520000000006,35.77672770230361,125899.8,8804.4552,256.4776080000001
V075,Diesel Truck,Diesel,10,9,3683.0,1258.9,15.8,97,14712.0,115818.8,3373.8520000000003,34.18137387998914,130530.8,9149.6852,266.534308
V075,Diesel Truck,Diesel,10,10,3182.0,1068.4,15.8,97,14115.0,98292.8,2863.3120000000004,33.57636706473916,112407.8,7765.131200000001,226.20164800000003
V075,Diesel Truck,Diesel,10,11,5404.0,1999.5,15.8,97,15973.0,183954.0,5358.660000000001,37.00037009622502,199927.0,14532.366000000002,423.33414000000005
V075,Diesel Truck,Diesel,10,12,3429.0,1190.8,15.8,97,14499.0,109553.59999999999,3191.344,34.7273257509478,124052.59999999999,8654.7344,252.11617600000002
V076,Petrol Van,Petrol,3,1,4783.0,495.4,17.1,71,8720.0,49540.0,1144.374,10.357516203219735,58260.0,4235.670000000001,97.84397700000001
V076,Petrol Van,Petrol,3,2,3297.0,362.1,17.1,71,7483.0,36210.0,836.451,10.982711555959964,43693.0,3095.955,71.51656050000001
V076,Petrol Van,Petrol,3,3,3528.0,368.0,17.1,71,7399.0,36800.0,850.08,10.430839002267573,44199.0,3146.4,72.68184000000001
V076,Petrol Van,Petrol,3,4,2757.0,295.8,17.1,71,7809.0,29580.0,683.298,10.72905331882481,37389.0,2529.09,58.421979
V076,Petrol Van,Petrol,3,5,3135.0,348.8,17.1,71,7913.0,34880.0,805.7280000000001,11.125996810207337,42793.0,2982.24,68.88974400000001
V076,Petrol Van,Petrol,3,6,1615.0,173.3,17.1,71,6836.0,17330.0,400.32300000000004,10.730650154798763,24166.0,1481.715,34.2276165
V076,Petrol Van,Petrol,3,7,5266.0,573.3,17.1,71,9111.0,57329.99999999999,1324.3229999999999,10.886821116597037,66441.0,4901.715,113.22961649999999
V076,Petrol Van,Petrol,3,8,4009.0,418.1,17.1,71,8058.0,41810.0,965.811,10.429034671988028,49868.0,3574.7550000000006,82.57684050000002
V076,Petrol Van,Petrol,3,9,2947.0,296.6,17.1,71,7325.0,29660.000000000004,685.1460000000001,10.064472344757382,36985.0,2535.9300000000007,58.57998300000001
V076,Petrol Van,Petrol,3,10,5008.0,558.7,17.1,71,8998.0,55870.00000000001,1290.5970000000002,11.15615015974441,64868.00000000001,4776.885000000001,110.34604350000004
V076,Petrol Van,Petrol,3,11,4805.0,544.7,17.1,71,8015.0,54470.00000000001,1258.257,11.336108220603538,62485.00000000001,4657.185000000001,107.58097350000001
V076,Petrol Van,Petrol,3,12,4891.0,520.1,17.1,71,8936.0,52010.0,1201.431,10.633817215293396,60946.0,4446.8550000000005,102.7223505
V077,Diesel Truck,Diesel,2,1,4948.0,1545.6,16.2,71,8280.0,142195.19999999998,4142.208,31.236863379143088,150475.19999999998,11517.811199999998,335.51884799999993
V077,Diesel Truck,Diesel,2,2,3777.0,1235.1,16.2,71,6749.0,113629.2,3310.0679999999998,32.70055599682287,120378.2,9203.965199999999,268.115508
V077,Diesel Truck,Diesel,2,3,5294.0,1748.4,16.2,71,7586.0,160852.80000000002,4685.712,33.0260672459388,168438.80000000002,13029.076800000003,379.54267200000004
V077,Diesel Truck,Diesel,2,4,2523.0,817.3,16.2,71,6631.0,75191.59999999999,2190.364,32.39397542608006,81822.59999999999,6090.519599999999,177.419484
V077,Diesel Truck,Diesel,2,5,4278.0,1404.7,16.2,71,7912.0,129232.40000000001,3764.5960000000005,32.8354371201496,137144.40000000002,10467.824400000001,304.932276
V077,Diesel Truck,Diesel,2,6,1704.0,591.4,16.2,71,5967.0,54408.799999999996,1584.952,34.70657276995305,60375.799999999996,4407.1128,128.381112
V077,Diesel Truck,Diesel,2,7,3809.0,1185.4,16.2,71,7322.0,109056.8,3176.8720000000003,31.121029141506963,116378.8,8833.6008,257.326632
V077,Diesel Truck,Diesel,2,8,5216.0,1699.6,16.2,71,8703.0,156363.19999999998,4554.928,32.58435582822086,165066.19999999998,12665.419199999997,368.949168
V077,Diesel Truck,Diesel,2,9,3819.0,1286.9,16.2,71,7198.0,118394.8,3448.8920000000003,33.697302958889765,125592.8,9589.9788,279.360252
V077,Diesel Truck,Diesel,2,10,4399.0,1502.6,16.2,71,7423.0,138239.19999999998,4026.968,34.15776312798363,145662.19999999998,11197.375199999999,326.18440799999996
V077,Diesel Truck,Diesel,2,11,1892.0,649.4,16.2,71,6212.0,59744.799999999996,1740.392,34.323467230443974,65956.79999999999,4839.328799999999,140.971752
V077,Diesel Truck,Diesel,2,12,3362.0,1109.6,16.2,71,6846.0,102083.2,2973.728,33.00416418798334,108929.2,8268.7392,240.87196799999998
V078,Diesel Truck,Diesel,9,1,4832.0,1674.6,12.3,79,14345.0,154063.19999999998,4487.928,34.65645695364238,168408.19999999998,9474.8868,276.007572
V078,Diesel Truck,Diesel,9,2,2583.0,888.4,12.3,79,12896.0,81732.8,2380.9120000000003,34.39411536972513,94628.8,5026.5672,146.42608800000002
V078,Diesel Truck,Diesel,9,3,4957.0,1757.5,12.3,79,14097.0,161690.0,4710.1,35.454912245309664,175787.0,9943.935,289.67115000000007
V078,Diesel Truck,Diesel,9,4,1712.0,643.6,12.3,79,12272.0,59211.200000000004,1724.8480000000002,37.59345794392524,71483.20000000001,3641.4888000000005,106.078152
V078,Diesel Truck,Diesel,9,5,3074.0,1057.7,12.3,79,12639.0,97308.40000000001,2834.6360000000004,34.40793754066363,109947.40000000001,5984.466600000001,174.33011400000004
V078,Diesel Truck,Diesel,9,6,5146.0,1835.0,12.3,79,14632.0,168820.0,4917.8,35.658764088612514,183452.0,10382.43,302.4447
V078,Diesel Truck,Diesel,9,7,3249.0,1155.8,12.3,79,13606.0,106333.59999999999,3097.544,35.57402277623884,119939.59999999999,6539.5164,190.498956
V078,Diesel Truck,Diesel,9,8,2244.0,777.8,12.3,79,12506.0,71557.59999999999,2084.504,34.66131907308378,84063.59999999999,4400.7924,128.196996
V078,Diesel Truck,Diesel,9,9,3423.0,1225.2,12.3,79,13688.0,112718.40000000001,3283.5360000000005,35.7931638913234,126406.40000000001,6932.181600000002,201.93746400000003
V078,Diesel Truck,Diesel,9,10,2176.0,784.2,12.3,79,12348.0,72146.40000000001,2101.6560000000004,36.03860294117647,84494.40000000001,4437.003600000001,129.25184400000003
V078,Diesel Truck,Diesel,9,11,3982.0,1414.2,12.3,79,13714.0,130106.40000000001,3790.0560000000005,35.51481667503767,143820.40000000002,8001.543600000001,233.08844400000007
V078,Diesel Truck,Diesel,9,12,4076.0,1374.2,12.3,79,13819.0,126426.40000000001,3682.856,33.7144259077527,140245.40000000002,7775.223600000001,226.49564400000003
V079,Diesel Truck,Diesel,9,1,5063.0,2070.3,16.8,55,13761.0,190467.6,5548.404,40.890776219632635,204228.6,15999.278400000001,466.0659360000001
V079,Diesel Truck,Diesel,9,2,2309.0,891.9,16.8,55,12827.0,82054.8,2390.292,38.62711130359463,94881.8,6892.6032000000005,200.784528
V079,Diesel Truck,Diesel,9,3,2588.0,1041.0,16.8,55,12532.0,95772.0,2789.88,40.22411128284389,108304.0,8044.848000000001,234.34992000000003
V079,Diesel Truck,Diesel,9,4,2000.0,767.2,16.8,55,12314.0,70582.40000000001,2056.0960000000005,38.36,82896.40000000001,5928.9216000000015,172.71206400000005
V079,Diesel Truck,Diesel,9,5,5430.0,2062.6,16.8,55,14545.0,189759.19999999998,5527.768,37.98526703499079,204304.19999999998,15939.7728,464.332512
V079,Diesel Truck,Diesel,9,6,2239.0,769.4,16.8,55,12543.0,70784.8,2061.992,34.36355515855292,83327.8,5945.923200000001,173.20732800000002
V079,Diesel Truck,Diesel,9,7,3607.0,1287.5,16.8,55,13154.0,118450.0,3450.5,35.69448294981979,131604.0,9949.8,289.842
V079,Diesel Truck,Diesel,9,8,1905.0,691.9,16.8,55,12077.0,63654.799999999996,1854.2920000000001,36.32020997375328,75731.79999999999,5347.003199999999,155.76052800000002
V079,Diesel Truck,Diesel,9,9,4578.0,1731.3,16.8,55,14617.0,159279.6,4639.884,37.817824377457406,173896.6,13379.486400000002,389.75025600000004
V079,Diesel Truck,Diesel,9,10,3559.0,1307.1,16.8,55,13662.0,120253.2,3503.028,36.72660859792076,133915.2,10101.2688,294.254352
V079,Diesel Truck,Diesel,9,11,2157.0,847.9,16.8,55,12645.0,78006.8,2272.3720000000003,39.30922577654149,90651.8,6552.5712,190.87924800000005
V079,Diesel Truck,Diesel,9,12,5376.0,1995.2,16.8,55,14111.0,183558.4,5347.136,37.11309523809524,197669.4,15418.9056,449.15942400000006
V080,Petrol Van,Petrol,1,1,1518.0,154.5,5.6,73,4715.0,15450.0,356.895,10.17786561264822,20165.0,432.6,9.99306
V080,Petrol Van,Petrol,1,2,2115.0,227.4,5.6,73,5027.0,22740.0,525.294,10.75177304964539,27767.0,636.7199999999999,14.708231999999999
V080,Petrol Van,Petrol,1,3,4992.0,494.3,5.6,73,7584.0,49430.0,1141.833,9.901842948717949,57014.0,1384.04,31.971324
V080,Petrol Van,Petrol,1,4,5111.0,533.8,5.6,73,7251.0,53379.99999999999,1233.078,10.444140090001957,60630.99999999999,1494.6399999999996,34.526184
V080,Petrol Van,Petrol,1,5,3480.0,361.9,5.6,73,5636.0,36190.0,835.9889999999999,10.39942528735632,41826.0,1013.32,23.407691999999997
V080,Petrol Van,Petrol,1,6,1823.0,183.7,5.6,73,4826.0,18370.0,424.347,10.076796489303346,23196.0,514.36,11.881715999999999
V080,Petrol Van,Petrol,1,7,1923.0,194.1,5.6,73,4837.0,19410.0,448.371,10.093603744149766,24247.0,543.48,12.554388
V080,Petrol Van,Petrol,1,8,1996.0,200.1,5.6,73,5370.0,20010.0,462.231,10.0250501002004,25380.0,560.28,12.942467999999998
V080,Petrol Van,Petrol,1,9,5152.0,535.3,5.6,73,6987.0,53529.99999999999,1236.543,10.390139751552795,60516.99999999999,1498.8399999999997,34.623203999999994
V080,Petrol Van,Petrol,1,10,1860.0,168.5,5.6,73,5087.0,16850.0,389.235,9.059139784946236,21937.0,471.8,10.898579999999999
V080,Petrol Van,Petrol,1,11,4473.0,444.5,5.6,73,7291.0,44450.0,1026.795,9.937402190923319,51741.0,1244.6,28.750259999999997
V080,Petrol Van,Petrol,1,12,4664.0,490.3,5.6,73,7069.0,49030.0,1132.593,10.512435677530018,56099.0,1372.84,31.712604000000002
V081,Petrol Van,Petrol,2,1,1880.0,188.8,24.1,79,6096.0,18880.0,436.12800000000004,10.042553191489361,24976.0,2275.04,52.55342400000001
V081,Petrol Van,Petrol,2,2,2429.0,282.5,24.1,79,6091.0,28250.0,652.575,11.630300535199671,34341.0,3404.125,78.63528750000002
V081,Petrol Van,Petrol,2,3,3525.0,396.6,24.1,79,7182.0,39660.0,916.1460000000001,11.251063829787235,46842.0,4779.03,110.395593
V081,Petrol Van,Petrol,2,4,4412.0,446.6,24.1,79,7973.0,44660.0,1031.6460000000002,10.122393472348142,52633.0,5381.53,124.31334300000002
V081,Petrol Van,Petrol,2,5,3930.0,441.2,24.1,79,7613.0,44120.0,1019.172,11.226463104325699,51733.0,5316.46,122.810226
V081,Petrol Van,Petrol,2,6,3765.0,417.2,24.1,79,7452.0,41720.0,963.732,11.081009296148737,49172.0,5027.26,116.129706
V081,Petrol Van,Petrol,2,7,4025.0,429.7,24.1,79,6906.0,42970.0,992.607,10.675776397515529,49876.0,5177.885,119.60914350000002
V081,Petrol Van,Petrol,2,8,4530.0,493.6,24.1,79,7552.0,49360.0,1140.2160000000001,10.896247240618102,56912.0,5947.88,137.39602800000003
V081,Petrol Van,Petrol,2,9,4333.0,447.1,24.1,79,8071.0,44710.0,1032.8010000000002,10.318486037387492,52781.0,5387.555,124.45252050000003
V081,Petrol Van,Petrol,2,10,4577.0,483.2,24.1,79,8313.0,48320.0,1116.192,10.55713349355473,56633.0,5822.56,134.501136
V081,Petrol Van,Petrol,2,11,5007.0,542.7,24.1,79,7238.0,54270.00000000001,1253.6370000000002,10.838825644098263,61508.00000000001,6539.535000000001,151.06325850000002
V081,Petrol Van,Petrol,2,12,5130.0,565.9,24.1,79,8768.0,56590.0,1307.229,11.031189083820662,65358.0,6819.095,157.5210945
V082,Diesel Truck,Diesel,1,1,3699.0,1263.5,24.8,57,6596.0,116242.0,3386.1800000000003,34.15788050824547,122838.0,14414.008,419.88632000000007
V082,Diesel Truck,Diesel,1,2,2731.0,1065.9,24.8,57,5337.0,98062.8,2856.6120000000005,39.029659465397295,103399.8,12159.787199999999,354.2198880000001
V082,Diesel Truck,Diesel,1,3,3777.0,1445.2,24.8,57,6535.0,132958.4,3873.1360000000004,38.26317182949431,139493.4,16486.8416,480.268864
V082,Diesel Truck,Diesel,1,4,2362.0,779.8,24.8,57,5370.0,71741.59999999999,2089.864,33.01439458086367,77111.59999999999,8895.9584,259.143136
V082,Diesel Truck,Diesel,1,5,5047.0,1736.5,24.8,57,6462.0,159758.0,4653.820000000001,34.406578165246685,166220.0,19809.992,577.0736800000001
V082,Diesel Truck,Diesel,1,6,4690.0,1660.3,24.8,57,6615.0,152747.6,4449.604,35.40085287846482,159362.6,18940.702400000002,551.750896
V082,Diesel Truck,Diesel,1,7,3745.0,1388.3,24.8,57,6031.0,127723.59999999999,3720.6440000000002,37.07076101468625,133754.59999999998,15837.7264,461.3598560000001
V082,Diesel Truck,Diesel,1,8,5238.0,1794.4,24.8,57,7223.0,165084.80000000002,4808.992,34.257350133638795,172307.80000000002,20470.5152,596.315008
V082,Diesel Truck,Diesel,1,9,2918.0,968.8,24.8,57,5983.0,89129.59999999999,2596.384,33.20082248115147,95112.59999999999,11052.0704,321.951616
V082,Diesel Truck,Diesel,1,10,2328.0,749.1,24.8,57,5108.0,68917.2,2007.5880000000002,32.177835051546396,74025.2,8545.7328,248.94091200000003
V082,Diesel Truck,Diesel,1,11,2447.0,901.1,24.8,57,5111.0,82901.2,2414.9480000000003,36.82468328565591,88012.2,10279.7488,299.45355200000006
V082,Diesel Truck,Diesel,1,12,3705.0,1171.4,24.8,57,6004.0,107768.8,3139.3520000000003,31.616734143049936,113772.8,13363.3312,389.279648
V083,Hybrid Car,Hybrid,2,1,1621.0,99.4,13.0,62,6054.0,9940.0,229.614,6.132017273288095,15994.0,646.1,14.92491
V083,Hybrid Car,Hybrid,2,2,2670.0,162.8,13.0,62,6623.0,16280.000000000002,376.06800000000004,6.097378277153558,22903.0,1058.2,24.444420000000004
V083,Hybrid Car,Hybrid,2,3,4417.0,275.3,13.0,62,7500.0,27530.0,635.9430000000001,6.232737151913064,35030.0,1789.45,41.33629500000001
V083,Hybrid Car,Hybrid,2,4,4960.0,328.6,13.0,62,7491.0,32860.0,759.066,6.625,40351.0,2135.9,49.33929
V083,Hybrid Car,Hybrid,2,5,2055.0,147.2,13.0,62,5852.0,14719.999999999998,340.032,7.1630170316301705,20572.0,956.7999999999998,22.10208
V083,Hybrid Car,Hybrid,2,6,2512.0,152.0,13.0,62,6379.0,15200.0,351.12,6.050955414012739,21579.0,988.0,22.8228
V083,Hybrid Car,Hybrid,2,7,2645.0,169.1,13.0,62,6298.0,16910.0,390.621,6.393194706994329,23208.0,1099.15,25.390364999999996
V083,Hybrid Car,Hybrid,2,8,4012.0,249.0,13.0,62,7228.0,24900.0,575.19,6.206380857427717,32128.0,1618.5,37.387350000000005
V083,Hybrid Car,Hybrid,2,9,3392.0,212.9,13.0,62,7165.0,21290.0,491.79900000000004,6.276533018867925,28455.0,1383.85,31.966935000000003
V083,Hybrid Car,Hybrid,2,10,2671.0,184.3,13.0,62,6514.0,18430.0,425.73300000000006,6.9000374391613635,24944.0,1197.95,27.672645000000003
V083,Hybrid Car,Hybrid,2,11,3424.0,232.7,13.0,62,6612.0,23270.0,537.537,6.796144859813085,29882.0,1512.55,34.939905
V083,Hybrid Car,Hybrid,2,12,3985.0,264.6,13.0,62,7657.0,26460.000000000004,611.2260000000001,6.639899623588458,34117.0,1719.9000000000003,39.72969000000001
V084,Petrol Van,Petrol,1,1,3289.0,361.2,15.8,79,5741.0,36120.0,834.372,10.982061416844026,41861.0,2853.48,65.91538800000001
V084,Petrol Van,Petrol,1,2,4287.0,433.1,15.8,79,6427.0,43310.0,1000.4610000000001,10.102635875903895,49737.0,3421.49,79.03641900000001
V084,Petrol Van,Petrol,1,3,3177.0,334.0,15.8,79,6026.0,33400.0,771.54,10.51306263770853,39426.0,2638.6,60.951660000000004
V084,Petrol Van,Petrol,1,4,3715.0,364.4,15.8,79,5997.0,36440.0,841.764,9.808882907133242,42437.0,2878.76,66.499356
V084,Petrol Van,Petrol,1,5,2963.0,296.3,15.8,79,6109.0,29630.0,684.4530000000001,10.0,35739.0,2340.77,54.071787000000015
V084,Petrol Van,Petrol,1,6,2855.0,302.0,15.8,79,5457.0,30200.0,697.62,10.577933450087567,35657.0,2385.8,55.11198
V084,Petrol Van,Petrol,1,7,4621.0,478.4,15.8,79,7486.0,47840.0,1105.104,10.352737502705041,55326.0,3779.36,87.303216
V084,Petrol Van,Petrol,1,8,4815.0,521.2,15.8,79,6759.0,52120.00000000001,1203.9720000000002,10.824506749740396,58879.00000000001,4117.4800000000005,95.11378800000003
V084,Petrol Van,Petrol,1,9,4430.0,435.6,15.8,79,6411.0,43560.0,1006.2360000000001,9.832957110609481,49971.0,3441.24,79.49264400000001
V084,Petrol Van,Petrol,1,10,3931.0,416.6,15.8,79,6136.0,41660.0,962.3460000000001,10.597812261511066,47796.0,3291.14,76.02533400000002
V084,Petrol Van,Petrol,1,11,2084.0,228.5,15.8,79,5095.0,22850.0,527.835,10.964491362763916,27945.0,1805.15,41.69896500000001
V084,Petrol Van,Petrol,1,12,1722.0,184.4,15.8,79,4980.0,18440.0,425.964,10.708478513356562,23420.0,1456.76,33.651156
V085,Electric Van,Electric,11,1,5463.0,1317.7,11.9,78,16879.0,11859.300000000001,935.567,24.120446641039724,28738.300000000003,705.6283500000001,55.666236500000004
V085,Electric Van,Electric,11,2,4679.0,1252.1,11.9,78,15260.0,11268.9,888.9909999999999,26.759991451164776,26528.9,670.49955,52.89496449999999
V085,Electric Van,Electric,11,3,2279.0,617.3,11.9,78,14597.0,5555.7,438.28299999999996,27.08644142167617,20152.7,330.56415,26.0778385
V085,Electric Van,Electric,11,4,3904.0,1068.1,11.9,78,15170.0,9612.9,758.3509999999999,27.359118852459012,24782.9,571.96755,45.12188449999999
V085,Electric Van,Electric,11,5,1882.0,445.3,11.9,78,13886.0,4007.7000000000003,316.163,23.660998937300747,17893.7,238.45815000000002,18.811698500000002
V085,Electric Van,Electric,11,6,4666.0,1164.7,11.9,78,15630.0,10482.300000000001,826.937,24.96142306043721,26112.300000000003,623.69685,49.202751500000005
V085,Electric Van,Electric,11,7,4704.0,1107.2,11.9,78,16315.0,9964.800000000001,786.112,23.537414965986393,26279.800000000003,592.9056,46.773664
V085,Electric Van,Electric,11,8,5251.0,1309.1,11.9,78,16307.0,11781.9,929.4609999999999,24.93048943058465,28088.9,701.0230499999999,55.3029295
V085,Electric Van,Electric,11,9,4868.0,1167.3,11.9,78,15668.0,10505.699999999999,828.7829999999999,23.979046836483153,26173.699999999997,625.0891499999999,49.31258849999999
V085,Electric Van,Electric,11,10,4251.0,951.5,11.9,78,15390.0,8563.5,675.5649999999999,22.38296871324394,23953.5,509.52825000000007,40.19611749999999
V085,Electric Van,Electric,11,11,2993.0,829.6,11.9,78,14804.0,7466.400000000001,589.016,27.718008686936184,22270.4,444.2508,35.046452
V085,Electric Van,Electric,11,12,1875.0,427.7,11.9,78,13818.0,3849.2999999999997,303.667,22.810666666666666,17667.3,229.03334999999998,18.0681865
V086,Diesel Truck,Diesel,10,1,5267.0,1890.9,10.6,80,15397.0,173962.80000000002,5067.612000000001,35.900892348585536,189359.80000000002,9220.028400000001,268.58343600000006
V086,Diesel Truck,Diesel,10,2,2807.0,904.5,10.6,80,14163.0,83214.0,2424.06,32.223013893836836,97377.0,4410.342000000001,128.47518
V086,Diesel Truck,Diesel,10,3,4250.0,1516.7,10.6,80,14905.0,139536.4,4064.7560000000003,35.68705882352941,154441.4,7395.4292,215.432068
V086,Diesel Truck,Diesel,10,4,3445.0,1287.6,10.6,80,14309.0,118459.2,3450.768,37.37590711175617,132768.2,6278.3376,182.890704
V086,Diesel Truck,Diesel,10,5,4652.0,1559.9,10.6,80,14236.0,143510.80000000002,4180.532,33.53181427343078,157746.80000000002,7606.072400000001,221.568196
V086,Diesel Truck,Diesel,10,6,5497.0,1843.6,10.6,80,14710.0,169611.19999999998,4940.848,33.53829361469893,184321.19999999998,8989.3936,261.864944
V086,Diesel Truck,Diesel,10,7,3956.0,1439.5,10.6,80,15070.0,132434.0,3857.86,36.387765419615775,147504.0,7019.0019999999995,204.46658
V086,Diesel Truck,Diesel,10,8,4340.0,1500.8,10.6,80,14298.0,138073.6,4022.1440000000002,34.58064516129033,152371.6,7317.900799999999,213.173632
V086,Diesel Truck,Diesel,10,9,4658.0,1509.8,10.6,80,15518.0,138901.6,4046.264,32.41305281236582,154419.6,7361.784799999999,214.451992
V086,Diesel Truck,Diesel,10,10,4835.0,1715.5,10.6,80,15382.0,157826.0,4597.54,35.48086866597725,173208.0,8364.777999999998,243.66962
V086,Diesel Truck,Diesel,10,11,4081.0,1429.5,10.6,80,13989.0,131514.0,3831.0600000000004,35.02817936780201,145503.0,6970.241999999999,203.04618000000002
V086,Diesel Truck,Diesel,10,12,3839.0,1276.8,10.6,80,14032.0,117465.59999999999,3421.824,33.258661109663976,131497.59999999998,6225.676799999999,181.356672
V087,CNG Bus,CNG,7,1,5123.0,1021.6,27.4,70,12950.0,79684.8,2809.4,19.941440562170605,92634.8,10916.8176,384.88779999999997
V087,CNG Bus,CNG,7,2,2633.0,519.5,27.4,70,10634.0,40521.0,1428.625,19.73034561336878,51155.0,5551.3769999999995,195.721625
V087,CNG Bus,CNG,7,3,4957.0,972.9,27.4,70,11986.0,75886.2,2675.475,19.626790397417793,87872.2,10396.409399999999,366.540075
V087,CNG Bus,CNG,7,4,3415.0,654.0,27.4,70,11050.0,51012.0,1798.5,19.150805270863835,62062.0,6988.643999999999,246.39449999999997
V087,CNG Bus,CNG,7,5,3158.0,629.3,27.4,70,11440.0,49085.399999999994,1730.5749999999998,19.92716909436352,60525.399999999994,6724.6997999999985,237.08877499999994
V087,CNG Bus,CNG,7,6,3261.0,650.1,27.4,70,11820.0,50707.8,1787.775,19.935602575896965,62527.8,6946.9686,244.92517500000002
V087,CNG Bus,CNG,7,7,1711.0,321.4,27.4,70,10586.0,25069.199999999997,883.8499999999999,18.784336645236703,35655.2,3434.480399999999,121.08744999999999
V087,CNG Bus,CNG,7,8,2394.0,441.2,27.4,70,11004.0,34413.6,1213.3,18.429406850459483,45417.6,4714.663199999999,166.22209999999998
V087,CNG Bus,CNG,7,9,2436.0,477.1,27.4,70,10967.0,37213.8,1312.025,19.58538587848933,48180.8,5098.2906,179.747425
V087,CNG Bus,CNG,7,10,2994.0,574.1,27.4,70,11379.0,44779.8,1578.775,19.175016700066802,56158.8,6134.8326,216.292175
V087,CNG Bus,CNG,7,11,2179.0,395.7,27.4,70,10355.0,30864.6,1088.175,18.159706287287747,41219.6,4228.450199999999,149.079975
V087,CNG Bus,CNG,7,12,3620.0,686.5,27.4,70,11058.0,53547.0,1887.875,18.964088397790054,64605.0,7335.938999999999,258.638875
V088,Electric Van,Electric,10,1,3679.0,1014.8,26.4,50,14397.0,9133.199999999999,720.5079999999999,27.58358249524327,23530.199999999997,1205.5823999999998,95.107056
V088,Electric Van,Electric,10,2,5238.0,1434.6,26.4,50,15520.0,12911.4,1018.5659999999999,27.388316151202748,28431.4,1704.3048,134.45071199999998
V088,Electric Van,Electric,10,3,1809.0,479.7,26.4,50,13187.0,4317.3,340.587,26.51741293532338,17504.3,569.8836,44.957483999999994
V088,Electric Van,Electric,10,4,3756.0,967.0,26.4,50,14765.0,8703.0,686.5699999999999,25.745473908413206,23468.0,1148.7959999999998,90.62723999999999
V088,Electric Van,Electric,10,5,5142.0,1537.9,26.4,50,15697.0,13841.1,1091.909,29.908595877090626,29538.1,1827.0251999999998,144.131988
V088,Electric Van,Electric,10,6,3876.0,1120.8,26.4,50,14624.0,10087.199999999999,795.7679999999999,28.916408668730647,24711.199999999997,1331.5104,105.04137599999999
V088,Electric Van,Electric,10,7,3116.0,882.4,26.4,50,14265.0,7941.599999999999,626.5039999999999,28.318356867779205,22206.6,1048.2912,82.69852799999998
V088,Electric Van,Electric,10,8,4453.0,1344.1,26.4,50,14973.0,12096.9,954.3109999999999,30.18414551987424,27069.9,1596.7907999999998,125.96905199999998
V088,Electric Van,Electric,10,9,2438.0,756.7,26.4,50,13203.0,6810.3,537.2570000000001,31.03773584905661,20013.3,898.9595999999999,70.917924
V088,Electric Van,Electric,10,10,4077.0,1120.6,26.4,50,14662.0,10085.4,795.6259999999999,27.485896492519007,24747.4,1331.2728,105.02263199999997
V088,Electric Van,Electric,10,11,3784.0,1046.8,26.4,50,14281.0,9421.199999999999,743.228,27.66384778012685,23702.199999999997,1243.5983999999999,98.10609599999998
V088,Electric Van,Electric,10,12,1723.0,462.6,26.4,50,13049.0,4163.400000000001,328.446,26.848520023215322,17212.4,549.5688,43.35487200000001
V089,Petrol Van,Petrol,4,1,2902.0,286.2,8.7,89,8423.0,28620.0,661.122,9.862164024810475,37043.0,1244.9699999999998,28.758806999999997
V089,Petrol Van,Petrol,4,2,5238.0,524.9,8.7,89,9194.0,52490.0,1212.519,10.021000381825123,61684.0,2283.3149999999996,52.744576499999994
V089,Petrol Van,Petrol,4,3,4809.0,539.3,8.7,89,10013.0,53929.99999999999,1245.783,11.214389686005406,63942.99999999999,2345.9549999999995,54.19156049999999
V089,Petrol Van,Petrol,4,4,1539.0,156.4,8.7,89,7711.0,15640.0,361.28400000000005,10.162443144899285,23351.0,680.34,15.715854000000002
V089,Petrol Van,Petrol,4,5,4102.0,392.9,8.7,89,8852.0,39290.0,907.5989999999999,9.578254509995125,48142.0,1709.115,39.48055649999999
V089,Petrol Van,Petrol,4,6,1522.0,153.9,8.7,89,7430.0,15390.0,355.509,10.111695137976346,22820.0,669.465,15.4646415
V089,Petrol Van,Petrol,4,7,1945.0,201.6,8.7,89,7890.0,20160.0,465.69599999999997,10.36503856041131,28050.0,876.96,20.257775999999996
V089,Petrol Van,Petrol,4,8,4012.0,367.9,8.7,89,9283.0,36790.0,849.8489999999999,9.169990029910268,46073.0,1600.365,36.968431499999994
V089,Petrol Van,Petrol,4,9,1794.0,189.7,8.7,89,7503.0,18970.0,438.207,10.574136008918616,26473.0,825.195,19.062004499999997
V089,Petrol Van,Petrol,4,10,5079.0,511.1,8.7,89,9395.0,51110.0,1180.641,10.063004528450483,60505.0,2223.285,51.3578835
V089,Petrol Van,Petrol,4,11,5157.0,486.3,8.7,89,9095.0,48630.0,1123.353,9.429901105293775,57725.0,2115.4049999999997,48.865855499999995
V089,Petrol Van,Petrol,4,12,2037.0,209.1,8.7,89,7622.0,20910.0,483.021,10.265095729013254,28532.0,909.5849999999998,21.0114135
V090,Diesel Truck,Diesel,2,1,3357.0,1097.3,23.4,81,7050.0,100951.59999999999,2940.764,32.68692284778075,108001.59999999999,11811.337199999998,344.06938799999995
V090,Diesel Truck,Diesel,2,2,3656.0,1260.2,23.4,81,7181.0,115938.40000000001,3377.3360000000002,34.469365426695845,123119.40000000001,13564.792800000001,395.14831200000003
V090,Diesel Truck,Diesel,2,3,1528.0,512.2,23.4,81,5590.0,47122.4,1372.6960000000001,33.52094240837696,52712.4,5513.3207999999995,160.605432
V090,Diesel Truck,Diesel,2,4,2157.0,743.4,23.4,81,6448.0,68392.8,1992.3120000000001,34.46453407510431,74840.8,8001.9576,233.100504
V090,Diesel Truck,Diesel,2,5,3276.0,1024.7,23.4,81,6974.0,94272.40000000001,2746.1960000000004,31.27899877899878,101246.40000000001,11029.8708,321.304932
V090,Diesel Truck,Diesel,2,6,5257.0,1849.4,23.4,81,7883.0,170144.80000000002,4956.392000000001,35.1797603195739,178027.80000000002,19906.941600000002,579.897864
V090,Diesel Truck,Diesel,2,7,4885.0,1660.9,23.4,81,8218.0,152802.80000000002,4451.212,34.0,161020.80000000002,17877.9276,520.7918040000001
V090,Diesel Truck,Diesel,2,8,3787.0,1326.6,23.4,81,6864.0,122047.2,3555.288,35.03036704515448,128911.2,14279.5224,415.96869599999997
V090,Diesel Truck,Diesel,2,9,2390.0,831.4,23.4,81,6068.0,76488.8,2228.152,34.78661087866109,82556.8,8949.1896,260.693784
V090,Diesel Truck,Diesel,2,10,4097.0,1459.8,23.4,81,6850.0,134301.6,3912.264,35.630949475225776,141151.6,15713.287199999999,457.734888
V090,Diesel Truck,Diesel,2,11,3729.0,1225.8,23.4,81,6925.0,112773.59999999999,3285.1440000000002,32.872083668543844,119698.59999999999,13194.511199999999,384.361848
V090,Diesel Truck,Diesel,2,12,1700.0,619.9,23.4,81,5718.0,57030.799999999996,1661.332,36.46470588235294,62748.799999999996,6672.603599999999,194.375844
V091,Hybrid Car,Hybrid,11,1,1776.0,121.1,14.5,81,13865.0,12110.0,279.741,6.818693693693693,25975.0,877.975,20.2812225
V091,Hybrid Car,Hybrid,11,2,2128.0,142.7,14.5,81,14547.0,14269.999999999998,329.637,6.705827067669172,28817.0,1034.5749999999998,23.8986825
V091,Hybrid Car,Hybrid,11,3,4081.0,295.7,14.5,81,14932.0,29570.0,683.067,7.245773094829698,44502.0,2143.825,49.5223575
V091,Hybrid Car,Hybrid,11,4,2583.0,174.9,14.5,81,14542.0,17490.0,404.019,6.771196283391405,32032.0,1268.025,29.2913775
V091,Hybrid Car,Hybrid,11,5,3861.0,295.0,14.5,81,15364.0,29500.0,681.45,7.64050764050764,44864.0,2138.75,49.405125000000005
V091,Hybrid Car,Hybrid,11,6,4690.0,348.2,14.5,81,16414.0,34820.0,804.342,7.424307036247335,51234.0,2524.45,58.314795
V091,Hybrid Car,Hybrid,11,7,2455.0,183.8,14.5,81,14126.0,18380.0,424.57800000000003,7.486761710794297,32506.0,1332.55,30.781905000000002
V091,Hybrid Car,Hybrid,11,8,5142.0,372.8,14.5,81,15499.0,37280.0,861.168,7.250097238428626,52779.0,2702.8,62.43468
V091,Hybrid Car,Hybrid,11,9,1962.0,131.3,14.5,81,14185.0,13130.000000000002,303.30300000000005,6.692150866462794,27315.0,951.9250000000002,21.989467500000003
V091,Hybrid Car,Hybrid,11,10,2095.0,143.5,14.5,81,14199.0,14350.0,331.485,6.849642004773269,28549.0,1040.375,24.0326625
V091,Hybrid Car,Hybrid,11,11,2638.0,202.3,14.5,81,14342.0,20230.0,467.31300000000005,7.66868840030326,34572.0,1466.675,33.8801925
V091,Hybrid Car,Hybrid,11,12,4310.0,314.1,14.5,81,15063.0,31410.000000000004,725.571,7.2877030162412995,46473.0,2277.2250000000004,52.6038975
V092,Diesel Truck,Diesel,2,1,3451.0,1135.9,3.3,85,7428.0,104502.8,3044.2120000000004,32.91509707331209,111930.8,1724.2962,50.22949800000001
V092,Diesel Truck,Diesel,2,2,3585.0,1166.7,3.3,85,6770.0,107336.40000000001,3126.7560000000003,32.54393305439331,114106.40000000001,1771.0506,51.591474
V092,Diesel Truck,Diesel,2,3,2924.0,945.0,3.3,85,6391.0,86940.0,2532.6000000000004,32.3187414500684,93331.0,1434.51,41.7879
V092,Diesel Truck,Diesel,2,4,1881.0,579.9,3.3,85,6137.0,53350.799999999996,1554.132,30.829346092503982,59487.799999999996,880.2882,25.643178
V092,Diesel Truck,Diesel,2,5,3683.0,1192.7,3.3,85,6775.0,109728.40000000001,3196.436,32.38392614716264,116503.40000000001,1810.5186,52.74119399999999
V092,Diesel Truck,Diesel,2,6,1566.0,476.2,3.3,85,5621.0,43810.4,1276.2160000000001,30.408684546615582,49431.4,722.8716000000001,21.057564000000003
V092,Diesel Truck,Diesel,2,7,3271.0,1016.5,3.3,85,7012.0,93518.0,2724.2200000000003,31.076123509630083,100530.0,1543.0469999999998,44.94963
V092,Diesel Truck,Diesel,2,8,2630.0,750.4,3.3,85,6197.0,69036.8,2011.0720000000001,28.53231939163498,75233.8,1139.1072,33.182688
V092,Diesel Truck,Diesel,2,9,3158.0,935.6,3.3,85,6567.0,86075.2,2507.4080000000004,29.626345788473717,92642.2,1420.2407999999998,41.372232000000004
V092,Diesel Truck,Diesel,2,10,4769.0,1434.0,3.3,85,8240.0,131928.0,3843.1200000000003,30.069196896624028,140168.0,2176.812,63.411480000000005
V092,Diesel Truck,Diesel,2,11,3398.0,951.3,3.3,85,6761.0,87519.59999999999,2549.484,27.995879929370215,94280.59999999999,1444.0733999999998,42.066486
V092,Diesel Truck,Diesel,2,12,4923.0,1572.3,3.3,85,7343.0,144651.6,4213.764,31.937842778793417,151994.6,2386.7513999999996,69.52710599999999
V093,Diesel Truck,Diesel,4,1,5301.0,1716.9,20.2,90,9184.0,157954.80000000002,4601.292,32.3882286361064,167138.80000000002,15953.434800000003,464.730492
V093,Diesel Truck,Diesel,4,2,1728.0,605.6,20.2,90,7442.0,55715.200000000004,1623.0080000000003,35.0462962962963,63157.200000000004,5627.2352,163.92380800000004
V093,Diesel Truck,Diesel,4,3,2648.0,899.9,20.2,90,8245.0,82790.8,2411.732,33.98413897280967,91035.8,8361.870799999999,243.58493199999998
V093,Diesel Truck,Diesel,4,4,3725.0,1106.6,20.2,90,8946.0,101807.2,2965.688,29.70738255033557,110753.2,10282.5272,299.534488
V093,Diesel Truck,Diesel,4,5,5162.0,1762.6,20.2,90,10009.0,162159.19999999998,4723.768,34.14567996900426,172168.19999999998,16378.079199999996,477.100568
V093,Diesel Truck,Diesel,4,6,3487.0,1230.2,20.2,90,9195.0,113178.40000000001,3296.936,35.27960997992544,122373.40000000001,11431.0184,332.990536
V093,Diesel Truck,Diesel,4,7,4945.0,1533.9,20.2,90,10013.0,141118.80000000002,4110.852000000001,31.01921132457027,151131.80000000002,14252.998800000001,415.19605200000007
V093,Diesel Truck,Diesel,4,8,4813.0,1576.4,20.2,90,9894.0,145028.80000000002,4224.752,32.75296073135259,154922.80000000002,14647.908800000001,426.69995200000005
V093,Diesel Truck,Diesel,4,9,4337.0,1381.1,20.2,90,8832.0,127061.2,3701.348,31.844593036661283,135893.2,12833.181199999999,373.836148
V093,Diesel Truck,Diesel,4,10,4350.0,1347.8,20.2,90,9284.0,123997.59999999999,3612.1040000000003,30.98390804597701,133281.59999999998,12523.757599999997,364.82250400000004
V093,Diesel Truck,Diesel,4,11,2598.0,841.0,20.2,90,8584.0,77372.0,2253.88,32.37105465742879,85956.0,7814.571999999999,227.64188000000001
V093,Diesel Truck,Diesel,4,12,3705.0,1184.9,20.2,90,8658.0,109010.8,3175.5320000000006,31.98110661268556,117668.8,11010.0908,320.72873200000004
V094,CNG Bus,CNG,12,1,3064.0,587.6,11.8,71,15450.0,45832.8,1615.9,19.177545691906005,61282.8,2704.1352,95.33810000000001
V094,CNG Bus,CNG,12,2,3311.0,622.8,11.8,71,16268.0,48578.399999999994,1712.6999999999998,18.810027182120205,64846.399999999994,2866.1256,101.0493
V094,CNG Bus,CNG,12,3,5064.0,853.7,11.8,71,17487.0,66588.6,2347.675,16.858214849921012,84075.6,3928.7274000000007,138.51282500000002
V094,CNG Bus,CNG,12,4,4243.0,751.7,11.8,71,15914.0,58632.600000000006,2067.175,17.716238510487862,74546.6,3459.3234000000007,121.96332500000003
V094,CNG Bus,CNG,12,5,3137.0,560.8,11.8,71,15575.0,43742.399999999994,1542.1999999999998,17.876952502390818,59317.399999999994,2580.8016,90.9898
V094,CNG Bus,CNG,12,6,3963.0,754.2,11.8,71,16564.0,58827.600000000006,2074.05,19.03103709311128,75391.6,3470.828400000001,122.36895000000003
V094,CNG Bus,CNG,12,7,4747.0,838.1,11.8,71,17184.0,65371.8,2304.775,17.655361280808933,82555.8,3856.9362000000006,135.981725
V094,CNG Bus,CNG,12,8,1676.0,313.6,11.8,71,15094.0,24460.800000000003,862.4000000000001,18.711217183770884,39554.8,1443.1872000000003,50.881600000000006
V094,CNG Bus,CNG,12,9,4916.0,881.7,11.8,71,16229.0,68772.6,2424.675,17.935313262815296,85001.6,4057.583400000001,143.05582500000003
V094,CNG Bus,CNG,12,10,3206.0,567.9,11.8,71,15857.0,44296.2,1561.725,17.71366188396756,60153.2,2613.4757999999997,92.141775
V094,CNG Bus,CNG,12,11,4527.0,773.4,11.8,71,16097.0,60325.2,2126.85,17.08416169648774,76422.2,3559.1868,125.48415000000001
V094,CNG Bus,CNG,12,12,4935.0,907.8,11.8,71,17060.0,70808.4,2496.45,18.3951367781155,87868.4,4177.6956,147.29055
V095,Petrol Van,Petrol,9,1,4711.0,613.2,22.1,75,13949.0,61320.00000000001,1416.4920000000002,13.016344725111443,75269.0,6775.8600000000015,156.52236600000003
V095,Petrol Van,Petrol,9,2,4529.0,521.6,22.1,75,14408.0,52160.0,1204.8960000000002,11.516891145948334,66568.0,5763.68,133.14100800000003
V095,Petrol Van,Petrol,9,3,4174.0,482.9,22.1,75,14129.0,48290.0,1115.499,11.569238140872065,62419.0,5336.045,123.2626395
V095,Petrol Van,Petrol,9,4,5133.0,574.2,22.1,75,14100.0,57420.00000000001,1326.402,11.186440677966104,71520.0,6344.910000000001,146.56742100000002
V095,Petrol Van,Petrol,9,5,2469.0,294.6,22.1,75,12448.0,29460.000000000004,680.5260000000001,11.93195625759417,41908.0,3255.3300000000004,75.19812300000001
V095,Petrol Van,Petrol,9,6,4245.0,465.6,22.1,75,14321.0,46560.0,1075.536,10.968197879858657,60881.0,5144.880000000001,118.84672800000003
V095,Petrol Van,Petrol,9,7,4532.0,526.8,22.1,75,13459.0,52679.99999999999,1216.908,11.624007060900263,66139.0,5821.14,134.468334
V095,Petrol Van,Petrol,9,8,3359.0,371.4,22.1,75,13711.0,37140.0,857.934,11.056862161357547,50851.0,4103.97,94.80170700000001
V095,Petrol Van,Petrol,9,9,4028.0,488.7,22.1,75,13426.0,48870.0,1128.897,12.132571996027805,62296.0,5400.135,124.7431185
V095,Petrol Van,Petrol,9,10,4585.0,511.3,22.1,75,14065.0,51130.0,1181.103,11.151581243184298,65195.0,5649.865,130.51188150000002
V095,Petrol Van,Petrol,9,11,4256.0,472.1,22.1,75,13700.0,47210.0,1090.5510000000002,11.092575187969924,60910.0,5216.705000000001,120.50588550000002
V095,Petrol Van,Petrol,9,12,3534.0,413.7,22.1,75,13268.0,41370.0,955.647,11.706281833616298,54638.0,4571.385,105.59899350000002
V096,Diesel Truck,Diesel,8,1,2789.0,1040.8,20.6,72,12214.0,95753.59999999999,2789.344,37.318035138042305,107967.59999999999,9862.620799999999,287.302432
V096,Diesel Truck,Diesel,8,2,2695.0,1048.1,20.6,72,12025.0,96425.2,2808.908,38.890538033395174,108450.2,9931.795600000001,289.317524
V096,Diesel Truck,Diesel,8,3,1649.0,635.1,20.6,72,11247.0,58429.200000000004,1702.0680000000002,38.51425106124925,69676.20000000001,6018.207600000002,175.31300400000003
V096,Diesel Truck,Diesel,8,4,5075.0,1845.6,20.6,72,12960.0,169795.19999999998,4946.208,36.36650246305418,182755.19999999998,17488.905600000002,509.459424
V096,Diesel Truck,Diesel,8,5,5354.0,1800.2,20.6,72,13057.0,165618.4,4824.536,33.62345909600299,178675.4,17058.695200000002,496.927208
V096,Diesel Truck,Diesel,8,6,4524.0,1715.3,20.6,72,13180.0,157807.6,4597.004,37.91556145004421,170987.6,16254.182800000002,473.4914120000001
V096,Diesel Truck,Diesel,8,7,4426.0,1616.8,20.6,72,12325.0,148745.6,4333.024,36.52959783099865,161070.6,15320.796800000002,446.30147200000005
V096,Diesel Truck,Diesel,8,8,3052.0,1048.8,20.6,72,11728.0,96489.59999999999,2810.784,34.36435124508519,108217.59999999999,9938.4288,289.510752
V096,Diesel Truck,Diesel,8,9,4838.0,1706.6,20.6,72,13187.0,157007.19999999998,4573.688,35.274906986358,170194.19999999998,16171.7416,471.08986400000003
V096,Diesel Truck,Diesel,8,10,5472.0,2055.4,20.6,72,13588.0,189096.80000000002,5508.472000000001,37.562134502923975,202684.80000000002,19476.970400000002,567.3726160000001
V096,Diesel Truck,Diesel,8,11,4155.0,1499.9,20.6,72,13153.0,137990.80000000002,4019.7320000000004,36.09867629362215,151143.80000000002,14213.052400000002,414.03239600000006
V096,Diesel Truck,Diesel,8,12,5266.0,1887.6,20.6,72,12946.0,173659.19999999998,5058.768,35.84504367641473,186605.19999999998,17886.8976,521.0531040000001
V097,Petrol Van,Petrol,9,1,2274.0,243.4,19.9,74,12866.0,24340.0,562.254,10.703605980650837,37206.0,2421.83,55.944272999999995
V097,Petrol Van,Petrol,9,2,4922.0,564.7,19.9,74,14529.0,56470.00000000001,1304.457,11.47297846403901,70999.0,5618.765,129.7934715
V097,Petrol Van,Petrol,9,3,1820.0,228.0,19.9,74,12027.0,22800.0,526.6800000000001,12.527472527472527,34827.0,2268.6,52.40466000000001
V097,Petrol Van,Petrol,9,4,5033.0,607.0,19.9,74,15004.0,60700.0,1402.17,12.060401351082852,75704.0,6039.65,139.515915
V097,Petrol Van,Petrol,9,5,4049.0,499.2,19.9,74,13228.0,49920.0,1153.152,12.328970116078043,63148.0,4967.039999999999,114.738624
V097,Petrol Van,Petrol,9,6,3617.0,445.8,19.9,74,13146.0,44580.0,1029.798,12.325131324301907,57726.0,4435.709999999999,102.464901
V097,Petrol Van,Petrol,9,7,2654.0,309.7,19.9,74,12571.0,30970.0,715.407,11.669178598342125,43541.0,3081.515,71.1829965
V097,Petrol Van,Petrol,9,8,2097.0,247.5,19.9,74,12312.0,24750.0,571.725,11.802575107296137,37062.0,2462.6249999999995,56.8866375
V097,Petrol Van,Petrol,9,9,3015.0,333.1,19.9,74,13178.0,33310.0,769.4610000000001,11.048092868988393,46488.0,3314.345,76.56136950000001
V097,Petrol Van,Petrol,9,10,1916.0,219.6,19.9,74,12494.0,21960.0,507.276,11.461377870563675,34454.0,2185.0199999999995,50.473962
V097,Petrol Van,Petrol,9,11,5211.0,636.2,19.9,74,14577.0,63620.00000000001,1469.622,12.20878909998081,78197.0,6330.19,146.22738900000002
V097,Petrol Van,Petrol,9,12,2791.0,327.1,19.9,74,13050.0,32710.000000000004,755.6010000000001,11.71981368685059,45760.0,3254.645,75.18229950000001
V098,Hybrid Car,Hybrid,1,1,1774.0,132.2,13.7,65,5120.0,13219.999999999998,305.382,7.452085682074408,18340.0,905.5699999999998,20.918667
V098,Hybrid Car,Hybrid,1,2,4084.0,275.5,13.7,65,6296.0,27550.0,636.405,6.745837414299706,33846.0,1887.175,43.5937425
V098,Hybrid Car,Hybrid,1,3,2427.0,155.4,13.7,65,5432.0,15540.0,358.97400000000005,6.402966625463535,20972.0,1064.49,24.589719
V098,Hybrid Car,Hybrid,1,4,3215.0,210.7,13.7,65,5629.0,21070.0,486.717,6.553654743390358,26699.0,1443.295,33.3401145
V098,Hybrid Car,Hybrid,1,5,3529.0,226.3,13.7,65,5789.0,22630.0,522.753,6.4125814678379145,28419.0,1550.155,35.808580500000005
V098,Hybrid Car,Hybrid,1,6,3728.0,223.0,13.7,65,6440.0,22300.0,515.13,5.98175965665236,28740.0,1527.55,35.286405
V098,Hybrid Car,Hybrid,1,7,4118.0,256.0,13.7,65,5991.0,25600.0,591.36,6.216610004856726,31591.0,1753.6,40.50816
V098,Hybrid Car,Hybrid,1,8,2444.0,166.6,13.7,65,5395.0,16660.0,384.846,6.816693944353519,22055.0,1141.21,26.361950999999998
V098,Hybrid Car,Hybrid,1,9,5054.0,320.7,13.7,65,6973.0,32070.0,740.817,6.345468935496636,39043.0,2196.795,50.7459645
V098,Hybrid Car,Hybrid,1,10,1993.0,122.5,13.7,65,5318.0,12250.0,282.975,6.146512794781736,17568.0,839.125,19.3837875
V098,Hybrid Car,Hybrid,1,11,4165.0,273.0,13.7,65,6459.0,27300.0,630.63,6.5546218487394965,33759.0,1870.05,43.198155
V098,Hybrid Car,Hybrid,1,12,1777.0,114.8,13.7,65,5056.0,11480.0,265.188,6.460326392796849,16536.0,786.38,18.165377999999997
V099,Petrol Van,Petrol,5,1,2337.0,281.4,18.1,84,8680.0,28139.999999999996,650.034,12.041078305519896,36820.0,2546.67,58.828077
V099,Petrol Van,Petrol,5,2,3905.0,424.3,18.1,84,10084.0,42430.0,980.133,10.865556978233034,52514.0,3839.9150000000004,88.70203650000002
V099,Petrol Van,Petrol,5,3,4445.0,440.4,18.1,84,9858.0,44040.0,1017.324,9.907761529808774,53898.0,3985.620000000001,92.06782199999999
V099,Petrol Van,Petrol,5,4,2786.0,293.4,18.1,84,9029.0,29339.999999999996,677.754,10.531227566403444,38369.0,2655.27,61.336737
V099,Petrol Van,Petrol,5,5,2332.0,263.0,18.1,84,8878.0,26300.0,607.53,11.2778730703259,35178.0,2380.15,54.981465
V099,Petrol Van,Petrol,5,6,3301.0,352.8,18.1,84,9353.0,35280.0,814.9680000000001,10.68767040290821,44633.0,3192.84,73.75460400000001
V099,Petrol Van,Petrol,5,7,4109.0,421.7,18.1,84,10473.0,42170.0,974.127,10.262837673399854,52643.0,3816.3850000000007,88.1584935
V099,Petrol Van,Petrol,5,8,3351.0,354.4,18.1,84,9272.0,35440.0,818.664,10.575947478364666,44712.0,3207.32,74.089092
V099,Petrol Van,Petrol,5,9,3839.0,410.5,18.1,84,9418.0,41050.0,948.255,10.692888773118,50468.0,3715.0250000000005,85.81707750000001
V099,Petrol Van,Petrol,5,10,4783.0,514.9,18.1,84,10944.0,51490.0,1189.4189999999999,10.765210119172067,62434.0,4659.845,107.6424195
V099,Petrol Van,Petrol,5,11,4634.0,508.1,18.1,84,11003.0,50810.0,1173.711,10.96460940871817,61813.0,4598.305,106.22084550000001
V099,Petrol Van,Petrol,5,12,2985.0,325.4,18.1,84,9085.0,32539.999999999996,751.674,10.901172529313232,41625.0,2944.87,68.026497
V100,Hybrid Car,Hybrid,3,1,5042.0,315.9,11.3,64,8493.0,31589.999999999996,729.7289999999999,6.265370884569616,40083.0,1784.835,41.2296885
V100,Hybrid Car,Hybrid,3,2,5097.0,332.5,11.3,64,8568.0,33250.0,768.075,6.523445163821856,41818.0,1878.625,43.396237500000005
V100,Hybrid Car,Hybrid,3,3,3051.0,191.8,11.3,64,7293.0,19180.0,443.05800000000005,6.286463454605048,26473.0,1083.67,25.032777000000006
V100,Hybrid Car,Hybrid,3,4,3376.0,213.0,11.3,64,7623.0,21300.0,492.03000000000003,6.309241706161138,28923.0,1203.45,27.799695
V100,Hybrid Car,Hybrid,3,5,3190.0,192.3,11.3,64,7706.0,19230.0,444.213,6.028213166144201,26936.0,1086.495,25.098034500000004
V100,Hybrid Car,Hybrid,3,6,2059.0,128.7,11.3,64,7104.0,12869.999999999998,297.29699999999997,6.250607090820787,19974.0,727.155,16.7972805
V100,Hybrid Car,Hybrid,3,7,4216.0,287.6,11.3,64,7967.0,28760.000000000004,664.3560000000001,6.821631878557875,36727.0,1624.9400000000003,37.536114000000005
V100,Hybrid Car,Hybrid,3,8,4960.0,354.2,11.3,64,9304.0,35420.0,818.202,7.141129032258064,44724.0,2001.23,46.228413
V100,Hybrid Car,Hybrid,3,9,2855.0,200.2,11.3,64,7751.0,20020.0,462.462,7.012259194395797,27771.0,1131.13,26.129103
V100,Hybrid Car,Hybrid,3,10,3686.0,218.2,11.3,64,8045.0,21820.0,504.042,5.919696147585459,29865.0,1232.8300000000002,28.478373
V100,Hybrid Car,Hybrid,3,11,4980.0,326.8,11.3,64,8431.0,32680.0,754.908,6.562248995983936,41111.0,1846.42,42.652302
V100,Hybrid Car,Hybrid,3,12,4279.0,290.5,11.3,64,8473.0,29050.0,671.0550000000001,6.788969385370414,37523.0,1641.325,37.91460750000001
